observation_id,year,month,latitude,longitude,water_table_depth_ft,long_term_average_depth_ft,rock_type_code
140,2022,2,33.60131944,-85.3463583,45.8,65.9670730652361,6
539,2022,1,30.407872,-87.684638,23.2170967741935,3.7740108435968,2
577,2022,4,31.058611,-85.102222,31.58,3.20644634150988,3
707,2022,4,33.71806,-87.34689,19.3,15.4368333225151,3
719,2022,4,32.895792,-85.908277,28.25,65.1598040252054,6
1372,2022,1,34.690728,-86.583715,28.7170967741935,2.64989950771821,1
1494,2022,1,32.020654,-86.030427,33.861935483871,17.0258071111918,2
1733,2022,1,31.025555,-85.044444,23.5806451612903,5.82735174857079,3
2065,2022,5,34.18083,-85.8515,17.57,22.2939096749624,2
2464,2022,5,33.98017,-85.51979,21.35,10.6906413881595,1
2578,2022,10,34.815833,-85.798611,38.73,55.3397870341753,1
2864,2022,4,33.01598056,-91.29495,39.43,19.5831514390858,4
3251,2022,1,33.09944444,-93.1988889,253,21.263723956412,2
3573,2022,6,33.27777778,-91.6661111,81.39,0.200168513496066,4
6171,2022,10,34.00551389,-91.5086639,34.38,1.86714131346231,4
6309,2022,4,34.04437778,-91.3732194,22.72,8.55972527255638,4
6710,2022,6,34.12777778,-91.3541667,49.02,11.9106186211772,4
7179,2022,5,34.2733333,-91.3461111,111.44,17.2449676019865,4
7763,2022,4,34.4213361,-92.0064778,25.67,1.47027626192245,4
8672,2022,10,34.5039833,-92.0211139,38.5,1.90615224064182,4
8753,2022,1,34.51211667,-92.9796278,18.38,28.5644074871678,3
10361,2022,1,34.64055556,-91.6036111,111.64,14.520601985505,4
19188,2022,10,35.80417778,-89.9854417,4.24,0.557280011989711,4
19373,2022,4,35.8093083,-89.9992167,5.27,0.879340989781129,4
20487,2022,4,36.00125,-90.4279694,13.81,0.222004862385003,4
20793,2022,7,36.07527778,-90.6547222,87.61,6.76050665899293,4
22931,2022,1,33.1068888888889,-91.9245722222222,84.0890322580645,12.964291072887,4
25731,2022,10,31.3689111,-110.1192944,14.6,40.0353198272012,2
25912,2022,2,31.38844444,-110.1218611,42.38,59.4075897198658,2
26812,2022,1,31.50666667,-110.0852778,234.56,204.991343451876,2
28260,2022,3,31.8390361,-110.5840417,13.82,0.136443462889759,4
29490,2022,1,32.2631313,-111.2451023,222.22,11.5732555490225,2
31904,2022,3,32.87499444,-109.6638139,153.28,178.375131773056,2
36318,2022,12,34.23559027,-111.3562476,31.71,12.4298697257556,8
39257,2022,1,35.24465278,-110.8055028,23.19,1.13314765817063,2
39567,2022,5,35.90777446,-111.146807,230.76,356.146169688183,2
39654,2022,6,36.03804969,-111.2079171,203.03,478.208247233295,2
39753,2022,6,36.3088901,-109.7748348,310.42,68.8127771557451,2
39807,2022,5,36.53694246,-110.5729186,290.59,22.2834999818669,2
40111,2022,2,34.23,-111.36,16.9079310344828,126.399042917377,8
40140,2022,1,34.93,-112.4,410.901612903226,33.9768815744768,2
40299,2022,1,34.64,-109.92,170.661935483871,26.2728920532443,3
40461,2022,6,36.77,-112.43,482.4,5.26500069737667,1
41536,2022,1,31.59,-109.51,3.57935483870968,51.9033837043542,2
41804,2022,1,33.67,-112.43,329.348387096774,54.3913253849991,2
41994,2022,2,32.05,-110.69,169.3525,319.391436323909,2
43624,2022,3,36.82,-114.01,142.9,96.1497576115002,2
44026,2022,1,32.01,-109.37,16.0490322580645,11.6205606737327,10
44372,2022,1,35.76,-114.15,654.791290322581,228.39013081821,2
51677,2022,2,32.413528,-114.544278,180.95,93.5465771552616,2
63294,2022,1,36.4908336348382,-109.948172719957,374.461612903226,57.385618692552,2
63520,2022,1,36.5280532914231,-110.599030055646,216.843225806452,7.27278746186006,2
63554,2022,3,36.61,-113.95,23.3,265.355473518716,4
63787,2022,1,36.89,-113.96,267.876774193548,257.020184764902,2
64056,2022,1,32.55364444,-117.0616028,12.44,4.83757907433804,4
72683,2022,2,34.10414167,-117.28645,136.996666666667,0.394771629053403,4
78730,2022,1,34.42044444,-119.744361,7.79,7.86362202405353,2
89460,2022,8,34.6572051,-120.4926649,42.33,8.414764742488,4
105880,2022,8,36.67328277,-119.7793089,94.69,2.85852241356127,4
105996,2022,2,36.7601083,-120.313261,72.15,1.39441116487387,4
106114,2022,6,36.8903333,-120.6554167,149.21,3.00578225929347,4
106841,2022,1,37.63160016,-118.8390193,39.21,9.8252992766834,10
108085,2022,11,38.50075,-121.2113056,183.7,60.0261889391396,2
109471,2022,1,41.61124606,-121.2118976,330.32,29.4371853172016,9
113380,2022,2,33.94188889,-118.067611,107.66,15.8429114765273,4
120081,2022,1,34.75575,-120.29465,107.304301075269,43.5443125407961,2
124212,2022,1,36.45320686,-116.8281934,87.16,260.245781640768,4
124296,2022,3,36.48078889,-121.1560194,25.9,39.3760987126888,2
124798,2022,2,37.646,-118.96175,351.47,216.778783051396,10
125092,2022,6,38.2291111,-122.3415278,21.86,49.2032213283116,2
125133,2022,5,38.2468611,-122.9056944,11.55,3.61861910957029,2
125506,2022,1,38.6583583,-122.8299306,16.2,3.80824714148154,10
125679,2022,7,39.23185119,-120.0821366,69.9,0.807010909678888,9
125687,2022,6,39.3254722,-120.176,72.85,42.5056335514589,4
125747,2022,12,40.0718611,-122.1619167,42.2,8.14345331628835,4
125788,2022,5,40.54291667,-124.06975,13.88,0.310644894098083,4
143218,2022,4,37.9391111,-105.2803611,139.06,46.4316929499201,3
144753,2022,4,38.0345,-105.5066194,21.22,45.3850979631283,2
150517,2022,4,38.53827778,-106.0660556,25.94,164.32750907104,2
152104,2022,2,38.7029111,-104.3880583,28.75,13.1580132086201,4
163239,2022,9,39.5358171,-103.9132909,10.69,43.4514888662953,2
163960,2022,4,39.55942805,-103.9105128,12.27,22.6647225296421,2
169425,2022,3,40.23151,-103.867823,61.96,24.5890858666021,2
169641,2022,1,40.257877,-104.093548,97.6029032258065,16.7172255732608,4
169871,2022,1,40.335753,-103.489293,10.27,0.404184366997625,2
172284,2022,1,37.00006,-107.601475,2.78566666666667,13.5839189025019,4
172322,2022,3,39.260112,-103.190833,69,115.463627467607,2
172647,2022,8,38.908077,-107.741736,295.51,136.554410346031,2
172692,2022,8,37.159407,-107.678401,31.84,8.76010951800506,2
173893,2022,3,37.260349,-102.441051,123.43,117.86482170579,2
174268,2022,2,37.375613,-102.613021,218.39,84.0297084493641,2
178675,2022,1,39.97335,-102.980392,274,112.651714986786,2
182143,2022,8,39.920914,-108.21841,351.03,154.236545947369,2
189981,2022,1,37.0012696740436,-105.664985114203,125.62,2.75792940657848,2
190309,2022,2,37.1327897345165,-105.946132207551,4.3,4.74803639305108,4
190558,2022,3,37.1375109478187,-106.020578589111,44.82,21.8951608585144,4
196925,2022,1,39.8601333333333,-108.350955555556,59.6096774193548,80.4888984321659,4
197174,2022,1,41.18255,-73.3049194,4.85,1.13168462618059,6
197896,2022,1,41.49626667,-71.8508306,4.37,7.03165382042327,6
210495,2022,1,42.0233833333333,-73.3248388888889,9.64,4.80346089064457,1
210555,2022,5,38.8908333,-76.9134722,14.9,0.76770704366076,2
211047,2022,9,38.47591667,-75.3602,5.62,0.108103818006456,3
211158,2022,10,38.5523375,-75.6393725,16.12,7.10620343044424,3
213268,2022,1,39.1393611,-75.4914722,15.82,7.62844337161102,3
215691,2022,2,25.43688889,-80.5016667,6.66,2.29628400106611,1
215814,2022,9,25.4391111,-80.5084444,5.33,1.41559535574005,1
215928,2022,4,25.61571667,-80.5830167,1.57,3.25802371909534,1
217572,2022,2,26.00938889,-80.23213889,6.59,2.44524692046018,1
241278,2022,2,28.5317361,-82.52698889,43.7,26.036907721219,2
241778,2022,2,29.24630278,-81.6439861,16.49,11.0590794436028,2
242281,2022,1,27.31483472,-82.17755,3.9,17.9681847061978,3
242597,2022,1,30.27523528,-83.15327583,48.49,5.45160391089295,3
250612,2022,3,32.14602269,-82.3379029,154.44,26.6391367829106,2
250705,2022,3,32.40333333,-81.3458333,66.83,22.8866864724997,4
250973,2022,6,33.2485,-82.2131667,100.49,46.0790399565948,3
251157,2022,1,33.32955556,-82.0492778,214.74,82.7737869559673,2
251263,2022,6,33.34969444,-81.99463889,84.56,18.2401899554945,2
255126,2022,2,34.03483478,-83.2237633,13.47,16.4460619853535,6
255415,2022,1,30.735236134823,-81.5512076059245,2.29322580645161,1.40268267822211,2
257266,2022,1,33.2651141972895,-84.2821459990498,13.6929032258065,27.255933783001,6
258193,2022,1,34.4895323020576,-84.8543842643617,17.7674193548387,2.710226135356,1
259005,2022,4,41.6469,-93.65375,8.82,2.72130012300074,3
259011,2022,5,41.65249167,-93.6540667,11.04,0.0559479143255169,3
260377,2022,2,41.98194444,-92.6630556,7.42,0.0558152986350808,1
262240,2022,1,40.9141666666667,-91.8091666666667,18.2158064516129,58.5815287902254,1
262283,2022,1,41.0158248171841,-95.1308217194993,14.9238709677419,58.7305247581266,2
262449,2022,1,41.9108333333333,-93.1633333333333,15.6167741935484,70.9444269873179,3
262617,2022,1,42.0366666666667,-95.3991666666667,26.9406451612903,93.8796310149679,2
262752,2022,1,43.0341666666667,-91.8366666666667,13.2064516129032,237.404906265791,1
262926,2022,1,43.0861111111111,-93.7141666666667,3.82161290322581,26.6919486884588,1
263106,2022,11,42.14503889,-113.1893417,430.59,49.328218995629,4
266020,2022,6,42.62372778,-113.8336028,135.04,14.5400071302535,4
277274,2022,4,43.38514444,-112.975336,688.92,51.4616491444159,9
277526,2022,1,43.433075,-113.0926028,635,0.575862121800283,9
292040,2022,4,43.98999444,-114.0408278,40.31,26.4847466728704,4
292195,2022,4,44.00085556,-113.86125,29.24,1.70760873837596,4
292206,2022,11,44.0053361,-113.804025,20.68,3.9156653496294,4
298246,2022,3,40.32041667,-89.89575,16.1775,13.9152925682821,1
299132,2022,5,42.3555611,-88.5523667,32.31,5.77880759817206,1
300982,2022,2,37.2031111111111,-89.2681111111111,11.75,10.9023904090053,2
301075,2022,1,38.51438889,-89.4411944,3.49064516129032,0.0473028269589409,3
301479,2022,1,39.6304722222222,-90.5588166666667,6.657,2.08894724925613,1
302291,2022,1,42.1822222222222,-88.6355555555556,9.07548387096774,6.00090138841878,1
303408,2022,3,38.3847222,-85.6380556,33.535,39.0686451261738,1
303424,2022,12,38.5675,-85.5905556,48.15,45.782036738261,1
303449,2022,4,38.66277778,-86.7991667,22.93,1.43505163767566,2
303497,2022,6,38.92841667,-86.01563889,6.89,1.81921159152213,1
303540,2022,8,38.93366619,-85.6158002,39.05,19.8674483864064,3
303756,2022,2,39.27421786,-85.8955466,16.62,3.85696924538037,1
303890,2022,1,39.6045333,-86.22921389,13.83,2.39961534086405,1
305419,2022,4,40.0000363,-86.0422076,21.76,11.9583046837096,1
305456,2022,3,40.021625,-86.0471222,88.28,28.9116976268815,1
305733,2022,1,40.1113333,-85.6937778,16.1,9.4735254909806,1
338434,2022,1,37.99330556,-102.0441389,44.18,16.407295499795,2
353989,2022,2,38.70725,-99.3438333,15.54,6.39432528859477,2
355982,2022,1,39.28550278,-95.74975,9.29,29.2766032075713,2
357349,2022,1,38.952774,-100.791719,34.87,62.9849134486433,3
357360,2022,1,37.761496,-100.966772,320.74,36.8955223514148,2
357409,2022,1,37.702797,-99.955603,102.81,23.1171405572914,2
357708,2022,2,37.77311,-100.95103,304.627857142857,30.6985885606144,2
358110,2022,10,38.03001,-100.199028,72.49,48.7016380729929,3
358414,2022,12,39.835627,-100.7227,156.57,175.382133810542,3
358463,2022,4,37.850646,-99.063982,17.19,3.00132247080655,2
358525,2022,3,39.951594,-100.613978,18.98,0.177714326187957,2
358802,2022,2,39.676831,-101.773023,165.78,199.241763640551,3
358906,2022,2,37.987444,-99.113763,36.4721428571429,5.31610151157782,2
359025,2022,1,37.50285,-97.92667,12.77,50.0343103243195,2
359534,2022,4,38.52561,-100.61293,82.827,31.0853648220188,3
360325,2022,1,39.145417,-96.637213,23.8222580645161,10.1049060737335,2
372387,2022,3,37.963251,-97.628907,10.35,2.23956787394722,2
390313,2022,1,37.61799167,-86.5031167,91.92,15.4071436387811,1
390796,2022,1,37.97590526,-85.9655194,36.89,1.85550393676947,2
390897,2022,12,37.98229448,-85.9716306,43.86,9.31429191688507,2
395525,2022,3,30.3186111,-90.9897222,17.54,4.75565045621545,3
395825,2022,4,30.47416667,-91.5033333,9.33,1.56789627213392,3
395860,2022,1,30.47694444,-93.3269444,52.68,11.8730199799072,3
398452,2022,2,30.86055556,-92.4427778,51.83,16.5932932803044,3
420772,2022,1,42.0156564362704,-70.9653205243108,8.8,29.6464993083956,2
432166,2022,4,38.72616667,-76.6634167,83.46,71.5311557124916,2
432750,2022,10,39.03727778,-76.5725556,57.75,25.559853107025,2
432947,2022,3,39.1158333,-76.77388889,56.55,18.8069957107899,2
433679,2022,10,39.23694444,-79.4486111,239.53,13.0526013772975,3
433833,2022,3,39.2389955,-79.4467175,70.45,17.4651590497619,3
434740,2022,1,39.34641667,-76.85613889,18.03,67.5595652488289,7
438647,2022,1,39.67338889,-78.4592778,8.21,6.7102064399889,3
445787,2022,5,44.5574177,-70.7114154,7.43,10.2962455880984,8
445790,2022,5,44.9428717,-68.3951802,54.12,28.0993129126064,2
445792,2022,7,45.05039,-70.2955239,58.25,22.5916857199252,4
445794,2022,10,44.8179858,-67.8894309,18.65,1.06924504517082,8
445848,2022,4,44.31966227,-69.70564351,9.47,54.1528630015966,7
445904,2022,11,45.30393756,-68.96754264,6.05,24.9381046974595,1
446045,2022,6,45.65046958,-68.59135565,9.46,44.9961346336524,6
446106,2022,7,45.4435394,-69.65399056,6.86,16.7251791169484,3
446276,2022,4,46.85871278,-67.90304517,14.35,58.668573473699,1
446406,2022,11,46.60023482,-68.04072045,16.45,72.6757275942616,2
447185,2022,1,44.1397931041032,-70.4870028658956,10.3783870967742,12.0895866517731,8
448307,2022,1,44.874240312155,-67.8663921558273,4.83129032258064,0.00539264111472436,8
450077,2022,4,42.09015,-84.45696389,0.395,0.885027875205499,2
450159,2022,3,42.1147683,-85.3185992,12.09,5.23656881244768,1
450332,2022,4,42.15817778,-86.378925,0.3,14.2716829762158,1
451292,2022,1,42.225596,-85.6719502,8.66,25.3739038237332,1
455238,2022,1,43.5260961388179,-86.1405098305228,43.0193548387097,15.4714744157242,3
455348,2022,1,44.6558376801464,-85.3597830092892,25.7132258064516,8.41072148252328,1
455455,2022,1,46.3665189,-84.7391692,26.028064516129,4.47087518553082,1
455529,2022,1,46.406161323503,-87.4072780838163,126.603870967742,10.52491544461,6
456701,2022,9,44.42805556,-93.2394444,28.48,9.9403096460264,1
459519,2022,8,47.5703833,-95.0935139,17.7,11.3869057725789,8
459698,2022,4,47.5703722,-95.0935361,17.2,11.3869057725789,8
464441,2022,1,47.5738361,-95.0899472,29.01,14.1612407318862,8
470945,2022,4,47.65925556,-96.4104111,10.79,12.0766089527839,9
471195,2022,10,47.69030556,-96.2016278,21.61,9.82272266644471,7
472637,2022,1,45.600177,-95.709496,31.5938709677419,23.7506894349993,6
472846,2022,1,46.981689,-96.387692,7.11258064516129,1.81735011968985,8
473037,2022,5,47.596328,-95.269979,13.77,9.9542862312556,8
473237,2022,1,46.024003,-93.370057,9.26258064516129,25.3441609495025,8
473391,2022,3,45.99498,-92.90621,19.15,2.09397766226313,2
477859,2022,3,48.137973,-96.347399,9.35,7.46821638676772,8
479225,2022,7,44.705312,-96.282834,8.55,2.04710040816636,3
485016,2022,1,45.115504,-96.102801,39.2567741935484,10.6319910433819,3
485884,2022,4,43.590136,-96.014239,26.15,8.68531585746968,3
488811,2022,1,47.7412611111111,-91.9961166666667,5.56434782608696,11.0515365618384,6
489302,2022,9,36.09998056,-90.0228333,15.25,1.36965538859486,3
489916,2022,2,37.2632222,-93.2465,18,7.84014780630512,1
490068,2022,2,37.4998333,-94.2694444,284.82,21.7623316727666,3
490535,2022,4,38.6186111,-92.5213889,240.66,66.2123938938641,1
490728,2022,6,38.82392288,-92.4204648,10.29,0.0560099841641307,3
491035,2022,9,38.8533677,-92.442131,14.73,1.42922884271001,3
492916,2022,5,39.47030556,-92.2132222,132.82,43.2090997726931,2
493237,2022,1,36.049,-90.2922777777778,7.29290322580645,4.35750746388098,3
494019,2022,1,36.5756388888889,-92.6530277777778,39.2977419354839,28.5746106759819,1
494730,2022,1,36.7205833333333,-94.2051666666667,194.726129032258,19.0246465301332,1
507121,2022,1,30.59155556,-88.9068333,9.13,0.196270317411324,2
531182,2022,1,33.7058333333333,-89.7408333333333,11.0722580645161,3.77040601412351,3
531408,2022,1,34.5312085618344,-88.3583800270769,72.2548387096774,40.4365701614219,2
531522,2022,2,45.0899198,-112.6361282,175.35,40.1149772893347,4
531919,2022,5,45.6772084,-111.013835,2.28,0.927970205863971,4
532154,2022,3,45.69245019,-108.6984748,3.26,19.8779597672163,4
533294,2022,3,45.83777778,-107.6011111,5.65,0.949894859288496,4
533465,2022,5,45.9999444,-112.6616667,1.55,10.9815261349429,4
533501,2022,5,46.0021944,-112.6594722,6.82,4.70834337597231,4
534183,2022,5,46.4632817,-110.2960225,6.55,38.454955076863,3
536442,2022,7,47.0346944,-114.3508333,10.1,32.3833443540659,4
536559,2022,5,47.0351944,-114.3525278,5.37,32.3833443540659,4
537566,2022,3,48.12666667,-106.3338889,23.48,6.11125837151102,4
537576,2022,4,48.1465833,-104.6450833,20.25,8.7566310159615,4
537710,2022,4,48.53,-106.4711111,7.61,7.39362766608739,3
538044,2022,5,48.554959,-104.18183,9.89,6.28771901773524,11
538231,2022,3,46.62112925,-113.2066994,32,44.1475178045454,4
538579,2022,1,45.80254,-111.0454,56.8687096774194,0.494291952870736,4
538645,2022,3,47.0028002,-109.3428159,28.87,6.99279659813504,4
538721,2022,5,46.94732,-104.08065,38.96,32.6842054478391,3
538966,2022,1,46.25538698,-114.1551702,16.4435483870968,1.78093848693146,4
539150,2022,1,46.359151,-108.441229,144.61,157.957277513038,3
539569,2022,6,48.36987,-106.79305,48.56,71.3347763985615,3
540677,2022,7,48.60748,-108.25394,29.9,7.33224661507323,3
541331,2022,3,46.77860688,-105.3031415,33.47,1.81053762948908,3
542013,2022,4,47.52064673,-111.716063,34.29,21.982815668274,3
542186,2022,3,46.11777849,-111.5297679,20.92,0.830732991230992,4
543222,2022,5,47.119618,-106.104213,31.1,8.93054829600749,3
544009,2022,2,46.2438319,-105.2725355,77.8,61.3687483651526,11
544447,2022,1,48.82924814,-108.5641232,45.2867741935484,10.270114192153,3
545160,2022,4,48.32927139,-111.1441447,32.97,15.1893441989322,3
547665,2022,1,46.1387542,-107.5540911,7.44548387096774,0.770170281875633,4
547969,2022,6,47.3183,-104.10047,61.9036666666667,19.3004486422407,3
548133,2022,2,45.42749433,-105.9176576,33.5,18.7100654170562,3
549624,2022,3,34.93599444,-80.6975722,30.25,19.5075520989676,6
549710,2022,11,34.94177778,-77.27625,4.86,3.73752959386475,1
550014,2022,1,35.19055556,-79.50388889,78.35,37.8209337423901,2
552707,2022,3,35.69034444,-76.5283,1.66,1.79899978942432,4
553599,2022,1,35.77105,-81.1473472,38.1,29.2018705596645,6
554573,2022,9,35.9335833,-76.5901111,9.25,6.74091534750588,4
555146,2022,1,36.06444444,-78.6955556,26.34,65.8503981462307,4
555449,2022,2,36.27952778,-81.71763889,29.44,14.7559621114069,6
556469,2022,1,35.28194,-77.8708,12.4012903225806,7.09616685303905,3
558529,2022,1,36.165368,-76.650354,5.6990625,26.1858786582982,3
581390,2022,10,46.4145444,-100.6354972,18.49,0.234397245912635,2
583593,2022,7,47.4769444,-102.0111111,43.94,15.9825944142215,3
588853,2022,1,46.7625722222222,-100.373997222222,7.53709677419355,5.5102566023101,3
589239,2022,1,46.9614583333333,-102.685586111111,19.1974193548387,18.9985706713241,3
590154,2022,1,48.3703916666667,-99.7996805555556,9.6258064516129,7.76693108755517,3
590663,2022,1,48.5248388888889,-103.625922222222,26.648064516129,14.56847030371,3
590686,2022,4,40.00223506,-97.915043,10.42,7.82421255925512,1
590809,2022,4,40.01056598,-99.4131556,16.2,17.9667391762279,3
590889,2022,3,40.0249993,-101.1607158,88.2,152.911501839044,3
590911,2022,4,40.0249939,-101.629336,9.29,4.14703970823587,3
591331,2022,1,40.0286722,-101.8712611,18.22,15.371604564833,3
591514,2022,5,40.04459706,-98.2553255,9.2,2.0019974091315,1
594049,2022,2,40.14832705,-101.59628,145.26,178.699881657567,3
594485,2022,3,40.1547241,-96.881139,71.83,34.7526743558538,2
595374,2022,6,40.17806508,-99.552885,22.9,23.3685204092676,3
597399,2022,3,40.23723398,-99.2200928,161.4,101.135997475389,3
599586,2022,10,40.27723156,-98.0386528,72.05,89.2348991709131,1
617403,2022,11,40.58472387,-96.7094653,89.51,74.8312568300137,1
623958,2022,9,40.66066389,-99.8510694,4.28,2.98633409281967,3
651616,2022,6,41.0472207,-96.3166809,8.46,0.0548485748012876,1
652324,2022,12,41.04833185,-96.3152921,14.37,0.0548485748012876,1
690838,2022,3,42.00019444,-103.8534306,56.945,49.4989792632514,3
690913,2022,3,42.00124444,-104.0436056,22.57,53.8171308439373,3
691192,2022,4,42.00861156,-100.3384681,65.39,36.9776954111584,3
691227,2022,3,42.00945195,-98.3239616,50.84,58.736525897699,3
691257,2022,3,42.00971898,-101.1379415,91.73,18.6366484517303,3
692451,2022,11,42.04305809,-99.5078925,7.73,10.7287265660319,3
692594,2022,4,42.04722867,-98.5531359,4.45,14.1055956501739,3
693288,2022,12,42.0780624,-98.3675749,37.39,27.5884901551203,3
695400,2022,2,42.2046083,-98.6712333,7.81,2.79313916877471,3
699012,2022,9,42.4369443,-100.5190233,6.9,1.49299750170151,3
701445,2022,10,42.9119495,-100.2417935,147.35,6.45385718763435,3
704586,2022,11,42.7208311,-101.942662,10.26,10.6475070241636,3
719021,2022,2,42.03272778,-101.3377222,3.82,21.232066224299,3
723566,2022,1,42.1523132,-102.875145,106.580967741935,4.88859501840838,3
748752,2022,6,40.26774444,-74.81005,8.91,1.563051048099,2
751216,2022,1,40.31038498,-74.85377538,64.61,23.9766285852744,3
751289,2022,5,40.3257222,-74.5910556,27.74,21.8740536178705,2
762527,2022,3,31.82318056,-107.1458889,280.35,195.682956462341,9
762757,2022,1,31.85910498,-106.6434468,57.86,58.487006148682,4
762833,2022,2,31.879,-106.657,75.12,64.3801877857693,4
763371,2022,1,32.02098056,-105.1435194,139.33,32.4617878213328,1
763534,2022,1,32.03955278,-106.6225056,14.9,1.57113600360208,4
763548,2022,1,32.05241667,-103.1209722,95.65,23.1471087089201,2
763868,2022,3,32.1034472,-107.0101167,436.53,319.604373526586,4
764150,2022,2,32.165475,-106.6871,22.18,5.62361102633575,4
764571,2022,4,32.2103738,-106.7727799,25.36,16.1348303091442,4
768426,2022,2,32.52405556,-103.5446111,78.08,52.7184967782263,4
769566,2022,12,32.72755556,-103.4425556,93.77,158.351212589532,4
769699,2022,2,32.74628056,-105.9456889,113.66,24.8672940664734,4
775532,2022,3,34.0039722,-104.4999722,60.7,6.22601765042092,1
775536,2022,2,34.01075,-106.4618333,136.17,181.547851037466,4
775571,2022,1,34.0254611,-103.3639111,97.17,187.368968938042,4
775651,2022,1,34.03428889,-106.91795,261.82,182.01168468437,4
776629,2022,3,34.25743889,-106.8931,14.26,12.9322445808198,4
778101,2022,1,34.44168889,-104.1980694,27.43,24.0774871536342,4
781231,2022,2,35.04141667,-103.3479167,55.76,8.66625566873674,4
781278,2022,5,35.04902778,-106.6533056,22.87,3.17197127304974,4
781943,2022,7,35.07055556,-104.8141667,371.19,241.866274823351,2
782776,2022,3,35.14069444,-103.0569167,34.08,80.8850612518169,3
784510,2022,12,35.25525,-108.5910833,16.76,4.63134035428963,3
785299,2022,11,35.4969722,-105.2453889,40.18,71.4820514974508,4
787333,2022,4,32.01149444,-103.2919722,178.67,0.256117570586161,2
788812,2022,10,32.022416,-105.114177,90.7,22.7993476768677,4
789065,2022,11,32.8542,-105.795,263.05,161.532742703283,1
790634,2022,4,31.99831944,-106.6516694,19.1803333333333,6.65574015354974,4
791886,2022,3,33.4946222222222,-105.530733333333,18.3929032258065,6.40137029166545,4
809751,2022,4,38.37173889,-118.5534389,238,100.556702904346,4
810648,2022,3,38.7021111,-119.31825,104.19,15.1672451119669,4
811542,2022,6,38.82130556,-119.77525,16.61,3.09922896659784,4
811785,2022,11,38.8674722,-118.7555833,4.24,4.38194849712878,4
817406,2022,3,39.21402778,-114.8275833,38.38,8.99369949546433,4
819018,2022,3,39.29298017,-117.5782434,9.1,16.2010884593807,4
827851,2022,4,39.5527147,-114.7980753,12.38,0.744373477621083,4
828612,2022,1,39.57306944,-116.0727056,47.225,136.643144609989,4
829431,2022,5,39.6343083,-116.2827222,4.68,0.323778717950548,4
830370,2022,3,40.01935147,-119.3693449,3.9,11.6664492103608,5
830531,2022,4,40.14684969,-119.8157534,209.32,91.8271974772911,4
830867,2022,4,40.62166667,-115.2367222,6.38,3.4620204205959,4
830891,2022,4,40.65927778,-116.8664722,9.97,0.506308409629422,4
830904,2022,3,40.69046195,-117.729016,79.6,0.0516582449847339,4
831690,2022,10,41.05452778,-119.025361,3.79,81.8738725860426,4
831789,2022,2,41.4104532,-117.5051267,14.22,0.026441974302471,4
837750,2022,1,40.2553388888889,-119.785855555556,252.937096774194,91.8350947016293,4
861114,2022,1,42.13755556,-76.2652222,41.8,27.9246509656062,3
861302,2022,4,42.19924216,-75.89797408,66.2,35.2126157099379,3
861566,2022,2,42.3175,-74.2561111,19,55.9590933741703,3
862315,2022,3,42.48888889,-76.4647222,3.58,0.12807529732458,1
864319,2022,3,42.9079722,-78.4900556,1.26,1.41294257749225,1
864661,2022,4,42.95280278,-78.6031667,11.03,19.4535684380649,1
866260,2022,4,44.00369444,-74.4114444,4.99,32.439260081541,6
866306,2022,1,44.30952778,-73.9156944,8.82,12.8980164961736,6
876648,2022,1,44.02052778,-75.7603333,17.5629032258065,10.6962326480217,1
877594,2022,1,38.95061944,-83.0259722,34.51,6.03549789547623,3
878134,2022,2,39.84391667,-82.9828056,36.06,20.2421566627584,3
878669,2022,1,40.1467316,-82.4196,20.91,18.4349891987865,3
879536,2022,2,41.42671994,-81.34372048,10.48,48.8354372030929,3
880650,2022,10,41.5297222,-83.9280556,7.81,2.80615050293089,3
882728,2022,1,39.8257555555556,-81.7380388888889,27.9070967741935,76.9967420752127,3
883652,2022,2,40.0943888888889,-82.9010333333333,19.8714285714286,5.64104382053268,3
883909,2022,1,41.3919981981415,-81.2081571462512,12.7045161290323,8.51839469217017,3
884350,2022,3,33.78791944,-96.4670222,3.23,21.9141076263352,4
884441,2022,3,33.92437778,-95.5490833,22,7.50667702697003,4
884473,2022,6,33.9877361,-94.8448806,21.37,13.8743124194037,2
884492,2022,3,34.0251333,-96.0238778,132.24,7.59898365855403,4
884521,2022,3,34.05680278,-95.2960583,50.74,39.9075593829065,1
884624,2022,2,34.35010278,-96.6423667,25.04,22.2286496287528,1
884646,2022,1,34.36527778,-96.6888889,18.24,22.3184273651025,1
890402,2022,2,36.48368309,-96.3186245,4.65,4.15749828965557,3
894011,2022,1,35.81087905,-99.85057286,110.28,110.627697689774,2
894055,2022,9,35.17536756,-98.87450247,31.3,12.6706146072384,2
894868,2022,5,35.51878925,-99.70455496,85,86.3111740082582,2
895413,2022,2,34.49334363,-99.6510207,35.94,20.527551837394,1
897679,2022,2,34.1391671,-95.20967871,41.15,39.4187043005702,2
899420,2022,1,34.0117736248255,-95.0885607737821,73.4132258064516,61.8193845111614,2
900214,2022,3,35.2188666666667,-98.5709805555556,69.0487096774194,37.1749101287725,2
902198,2022,1,42.18378815,-121.6991117,18.71,75.9476377485163,2
902893,2022,1,42.4313189,-122.1445145,48.95,8.72124916686409,2
903038,2022,7,42.45968546,-122.1064473,8.58,1.85611777856814,2
906212,2022,3,45.4604816,-122.491007,114.1,0.527551657591233,2
909518,2022,2,44.030417,-118.937861,10.9,6.35182725502664,3
909585,2022,1,45.0227062768,-122.744413068,212.64,29.1196443094242,2
909631,2022,3,44.3222646873,-117.968924706,35.64,30.3927275601485,2
909659,2022,4,45.842782,-119.37261,28.01,14.0047683703415,3
909830,2022,3,44.24481,-120.96769,289.56,126.784830461312,9
909964,2022,3,43.5311294561,-121.471077093,65.86,3.46086900278431,3
910085,2022,7,44.3783302669,-121.352149109,365.84,8.79322294885955,2
910157,2022,2,42.2729420564,-123.259955923,9.38,33.2633811224771,8
910227,2022,8,42.1228700138,-123.595759945,25.09,3.28065197328177,2
910302,2022,1,44.60035,-121.12824,479.64,64.982254147118,2
911354,2022,2,43.41535728,-118.5777496,64.8,7.05198745222499,3
911453,2022,6,42.4093399989,-118.63452,24.6,43.2099539494935,10
911643,2022,10,41.998906,-117.782527,20.27,19.17445130647,3
911853,2022,8,44.063887,-117.265295,44.59,30.5080320416499,2
911898,2022,3,43.99615,-117.22529,10.31,6.1423403947183,2
912071,2022,2,45.3776399994,-117.22948,45.5,4.6703047397845,2
928893,2022,2,40.31230556,-78.13125,52.44,2.55649054220012,2
931651,2022,2,41.11766667,-76.5635,22.34,9.22606296264603,3
957414,2022,1,33.94289,-81.03233,14.3551612903226,12.0905675471098,2
957670,2022,5,33.1558333333333,-79.3638888888889,8,3.27657097153076,3
958412,2022,1,33.2719444444444,-79.9644444444445,4.7,0.333673885877987,1
958636,2022,2,33.4041666666667,-79.9338888888889,13.0189285714286,1.12522080750801,1
972315,2022,4,44.1017833,-102.9498889,9.53,8.9426765114753,3
972345,2022,3,44.1256111,-103.0966944,10.71,72.5009874259426,3
981429,2022,1,44.3816512,-98.2962028,13.1637931034483,4.40210143768426,3
989421,2022,1,30.8528611,-102.8927806,106.29,166.629894139413,2
995595,2022,3,32.93065589,-101.6379214,16.34,90.3683949139521,2
1027937,2022,2,27.38642619,-98.267507,48.99,14.6788280690154,2
1028440,2022,1,29.5877273,-98.5486304,258.71,187.427904008419,1
1028549,2022,6,29.65931389,-95.2502,26.975,5.69989754073894,3
1039451,2022,2,35.176389,-101.559723,201.4,67.8122326237112,2
1039480,2022,3,35.179722,-101.126111,366.4,69.0620841427752,2
1039689,2022,1,30.916943,-97.591944,73.6951612903226,51.5541661913472,1
1039756,2022,1,29.949721,-96.534166,77.32,25.8459241138543,3
1040257,2022,6,29.6677444,-99.2366528,200.622727272727,14.6645730158916,1
1040299,2022,12,35.111667,-101.2775,284,109.204858159931,2
1040440,2022,11,31.805277,-95.578888,211.72,30.1188246616596,2
1040525,2022,2,28.276667,-97.848334,65.45,40.1397484165475,2
1040578,2022,1,34.778333,-101.616667,147.24,29.5080162857306,2
1041531,2022,4,34.146666,-102.658333,151.077333333333,115.311577739423,2
1041759,2022,4,35.18111,-101.169166,363.033333333333,109.401437720437,2
1044702,2022,1,30.7478611,-98.0858611,204.564838709677,88.0782499175325,1
1045867,2022,2,29.575278,-102.936111,384.72,27.5854739410704,10
1045894,2022,6,29.781944,-97.453334,64.74,0.625568934325165,2
1046279,2022,1,32.9295556,-101.6366056,15.4567741935484,90.3683949139521,2
1048228,2022,2,31.715555,-100.722777,37.01,15.9442487593577,2
1051912,2022,1,30.713055,-101.213055,312.056666666667,61.4966120615879,1
1054200,2022,4,33.6969444,-97.1822222,451,20.514257342064,1
1060146,2022,1,29.7242222,-95.7478333,31.1193548387097,1.95542208932499,11
1060219,2022,3,29.911111,-96.666943,42.2,78.720746197546,3
1060584,2022,1,29.7567778,-100.3970389,35.3777419354839,20.6110421441448,1
1061050,2022,1,32.198333,-98.180554,196.089032258065,0.237785573442203,1
1061816,2022,1,32.200833,-97.942499,313.9,125.653962954583,2
1072603,2022,5,30.504722,-94.164166,33.86,38.4273554667652,2
1072607,2022,3,30.0152777777778,-95.7280555555556,135.57,3.72436572813706,2
1074798,2022,2,31.9435306,-105.2019611,141.158333333333,8.71831664962521,2
1081057,2022,10,31.579721,-95.866388,122.52,18.7592478534157,2
1082209,2022,3,27.258333,-97.863333,67.9,19.9081500673901,3
1082474,2022,4,28.81221,-97.850093,194.969666666667,22.2159120692122,2
1083535,2022,2,30.2581944444444,-95.0735277777778,83.23,20.0501780802196,2
1091584,2022,2,29.5742389,-104.2732889,143.46,83.0654523515116,2
1093828,2022,1,30.693055,-94.746388,188.59,53.3761378221005,3
1116153,2022,3,38.1196894,-113.3466303,66.96,12.5732314120693,4
1116824,2022,3,38.30553586,-111.5021245,17.24,17.9861912537676,4
1117149,2022,6,38.4126111,-113.8371389,1.49,322.963559899418,4
1120839,2022,2,39.55829038,-111.8960413,114.74,129.429086496438,4
1122137,2022,3,40.0041189,-111.9654972,257.03,201.793680973352,3
1122218,2022,9,40.02938666,-113.129142,32.65,20.1189987608574,3
1122245,2022,3,40.0335485,-113.978058,12.9,92.1391816425865,4
1122933,2022,1,40.3865833,-109.9166389,12.67,11.9227796895989,4
1123461,2022,8,40.46369444,-111.3916944,93.93,234.877419015253,4
1124729,2022,2,40.5219,-111.9886028,95.48,31.0505219178074,4
1125709,2022,2,40.58411407,-112.0213275,263.12,86.4884235164818,3
1127309,2022,1,41.2622222,-111.7702778,27.25,10.7644275581097,3
1129431,2022,2,37.2859222,-75.93582778,14.4,6.58220976731172,2
1130299,2022,9,37.51374576,-75.811041,11.84,12.6229809529896,2
1130509,2022,5,37.7206853,-75.67020679,2.5,2.58719690752425,2
1136775,2022,6,37.2187508698201,-75.9763204424821,7.89,7.33591206606853,2
1145606,2022,2,46.0011,-118.4979806,28.15,25.8762833720766,4
1146366,2022,2,46.24718056,-117.9953722,386.86,13.7916888048643,3
1168331,2022,1,48.99337,-122.3646,6.86483870967742,2.15932257860352,4
1169288,2022,3,46.39,-118.96,78.55,90.6211686698279,4
1169354,2022,4,48.66,-119.52,35.52,153.263622927402,4
1170223,2022,3,46.72707481,-122.9784524,17.32,1.66888605675593,4
1170889,2022,1,46.3262055555556,-118.138558333333,39.3732258064516,63.4074274661453,4
1171152,2022,1,46.8424138888889,-122.960038888889,14.2764516129032,5.70096760837905,4
1171888,2022,1,47.66965,-117.126894444444,99.3416129032258,5.63406452336973,4
1174863,2022,1,44.1155722,-89.3639028,100.71,29.5347617190279,1
1174939,2022,2,44.1961111,-89.4175,3.01,25.2673663876342,1
1182834,2022,1,44.0070555555556,-90.6505027777778,6.62709677419355,2.66246556701757,1
1183026,2022,1,44.07373889,-87.7017056,25.52,3.39035170174345,1
1188314,2022,2,37.9756861,-82.3555778,29.54,56.2297266215366,2
1193056,2022,3,43.5974143,-110.7437613,54.53,2.45574617696561,4
1193574,2022,9,37.48979,-122.03262,2.22,1.03892822201394,4
1193579,2022,3,37.50807,-122.00223,1.82,3.25739227749996,4
1195162,2022,1,37.67622,-122.15183,10.0133333333333,2.18249466650836,4
1197429,2022,1,38.014207,-121.909589,64.36,46.7594746927445,4
1211425,2022,3,41.544001,-124.047155,15.95,30.5252063143885,4
1269647,2022,3,33.936001,-118.000246,120.56,48.801745716693,4
1278195,2022,3,40.010064,-120.093663,25.5,23.8920510021933,4
1278905,2022,11,40.284675,-120.444329,19.9,12.6570150487654,4
1430656,2022,3,40.3779,-122.43754,32.9,1.52890578027392,2
1430857,2022,1,40.39085,-122.28773,60.14,33.8606196640343,4
