site_id,observation_date,latitude,longitude,water_table_depth_ft,approval_status,last_modified_utc,parameter_code,statistic_code,source_url
USGS-400916076492301,2026-08-26,40.15497,-76.82292,19.76,Provisional,2026-08-27T07:13:44.119177Z,72019,00003,"https://api.waterdata.usgs.gov/ogcapi/v0/collections/latest-daily/items?parameter_code=72019&statistic_id=00003&bbox=-125,24,-66,50&datetime=2024-01-01/2026-08-28&limit=300&f=csv"
USGS-395136108210004,2026-08-27,39.86013,-108.35096,60.63,Provisional,2026-08-28T02:02:15.480114Z,72019,00003,"https://api.waterdata.usgs.gov/ogcapi/v0/collections/latest-daily/items?parameter_code=72019&statistic_id=00003&bbox=-125,24,-66,50&datetime=2024-01-01/2026-08-28&limit=300&f=csv"
USGS-413812084444602,2026-08-27,41.63664,-84.74609,45.63,Provisional,2026-08-28T02:15:22.080498Z,72019,00003,"https://api.waterdata.usgs.gov/ogcapi/v0/collections/latest-daily/items?parameter_code=72019&statistic_id=00003&bbox=-125,24,-66,50&datetime=2024-01-01/2026-08-28&limit=300&f=csv"
USGS-334717096280101,2024-12-10,33.78792,-96.46702,6.47,Approved,2026-03-26T17:31:31.897835Z,72019,00003,"https://api.waterdata.usgs.gov/ogcapi/v0/collections/latest-daily/items?parameter_code=72019&statistic_id=00003&bbox=-125,24,-66,50&datetime=2024-01-01/2026-08-28&limit=300&f=csv"
USGS-320226082301101,2026-08-27,32.04046,-82.50125,115.66,Provisional,2026-08-28T00:53:08.233219Z,72019,00003,"https://api.waterdata.usgs.gov/ogcapi/v0/collections/latest-daily/items?parameter_code=72019&statistic_id=00003&bbox=-125,24,-66,50&datetime=2024-01-01/2026-08-28&limit=300&f=csv"
USGS-312208110070501,2026-04-20,31.36906,-110.11878,8.72,Approved,2026-08-11T09:07:26.743504Z,72019,00003,"https://api.waterdata.usgs.gov/ogcapi/v0/collections/latest-daily/items?parameter_code=72019&statistic_id=00003&bbox=-125,24,-66,50&datetime=2024-01-01/2026-08-28&limit=300&f=csv"
USGS-420619076515201,2026-08-26,42.10536,-76.86647,31.83,Provisional,2026-08-27T07:15:36.924899Z,72019,00003,"https://api.waterdata.usgs.gov/ogcapi/v0/collections/latest-daily/items?parameter_code=72019&statistic_id=00003&bbox=-125,24,-66,50&datetime=2024-01-01/2026-08-28&limit=300&f=csv"
MO005-392336094550403,2026-08-26,39.39336,-94.91792,15.78,Provisional,2026-08-27T08:07:24.170273Z,72019,00003,"https://api.waterdata.usgs.gov/ogcapi/v0/collections/latest-daily/items?parameter_code=72019&statistic_id=00003&bbox=-125,24,-66,50&datetime=2024-01-01/2026-08-28&limit=300&f=csv"
USGS-352326086021702,2025-12-03,35.39069,-86.03806,33.63,Provisional,2026-08-28T03:06:05.026383Z,72019,00003,"https://api.waterdata.usgs.gov/ogcapi/v0/collections/latest-daily/items?parameter_code=72019&statistic_id=00003&bbox=-125,24,-66,50&datetime=2024-01-01/2026-08-28&limit=300&f=csv"
USGS-395902075032501,2026-05-28,39.98372,-75.05684,22.67,Provisional,2026-08-28T03:04:49.684954Z,72019,00003,"https://api.waterdata.usgs.gov/ogcapi/v0/collections/latest-daily/items?parameter_code=72019&statistic_id=00003&bbox=-125,24,-66,50&datetime=2024-01-01/2026-08-28&limit=300&f=csv"
USGS-414431085313001,2024-11-06,41.74194,-85.52496,18.61,Provisional,2026-08-28T03:07:04.510080Z,72019,00003,"https://api.waterdata.usgs.gov/ogcapi/v0/collections/latest-daily/items?parameter_code=72019&statistic_id=00003&bbox=-125,24,-66,50&datetime=2024-01-01/2026-08-28&limit=300&f=csv"
USGS-430056075354102,2026-08-26,43.01586,-75.59439,10.13,Provisional,2026-08-27T07:11:43.076542Z,72019,00003,"https://api.waterdata.usgs.gov/ogcapi/v0/collections/latest-daily/items?parameter_code=72019&statistic_id=00003&bbox=-125,24,-66,50&datetime=2024-01-01/2026-08-28&limit=300&f=csv"
MO005-384545093331601,2026-08-26,38.76264,-93.55450,185.90,Provisional,2026-08-27T08:11:44.177522Z,72019,00003,"https://api.waterdata.usgs.gov/ogcapi/v0/collections/latest-daily/items?parameter_code=72019&statistic_id=00003&bbox=-125,24,-66,50&datetime=2024-01-01/2026-08-28&limit=300&f=csv"
USGS-430252077283402,2026-08-26,43.04800,-77.47575,9.10,Provisional,2026-08-27T07:12:31.015126Z,72019,00003,"https://api.waterdata.usgs.gov/ogcapi/v0/collections/latest-daily/items?parameter_code=72019&statistic_id=00003&bbox=-125,24,-66,50&datetime=2024-01-01/2026-08-28&limit=300&f=csv"
USGS-345650106415903,2026-07-15,34.94729,-106.69993,10.00,Provisional,2026-07-18T09:06:50.404662Z,72019,00003,"https://api.waterdata.usgs.gov/ogcapi/v0/collections/latest-daily/items?parameter_code=72019&statistic_id=00003&bbox=-125,24,-66,50&datetime=2024-01-01/2026-08-28&limit=300&f=csv"
USGS-342619096411001,2026-07-07,34.43858,-96.68613,65.59,Provisional,2026-07-10T08:08:49.895655Z,72019,00003,"https://api.waterdata.usgs.gov/ogcapi/v0/collections/latest-daily/items?parameter_code=72019&statistic_id=00003&bbox=-125,24,-66,50&datetime=2024-01-01/2026-08-28&limit=300&f=csv"
MO005-384917091594401,2026-08-26,38.82111,-91.99556,379.41,Provisional,2026-08-27T08:11:49.112366Z,72019,00003,"https://api.waterdata.usgs.gov/ogcapi/v0/collections/latest-daily/items?parameter_code=72019&statistic_id=00003&bbox=-125,24,-66,50&datetime=2024-01-01/2026-08-28&limit=300&f=csv"
USGS-364821098144901,2024-01-02,36.80580,-98.24708,0.00,Provisional,2026-03-26T16:35:31.404580Z,72019,00003,"https://api.waterdata.usgs.gov/ogcapi/v0/collections/latest-daily/items?parameter_code=72019&statistic_id=00003&bbox=-125,24,-66,50&datetime=2024-01-01/2026-08-28&limit=300&f=csv"
USGS-414455070325701,2026-08-27,41.74874,-70.54872,161.44,Provisional,2026-08-28T02:28:01.267716Z,72019,00003,"https://api.waterdata.usgs.gov/ogcapi/v0/collections/latest-daily/items?parameter_code=72019&statistic_id=00003&bbox=-125,24,-66,50&datetime=2024-01-01/2026-08-28&limit=300&f=csv"
USGS-354302081433201,2026-08-27,35.71722,-81.72556,8.61,Provisional,2026-08-28T00:59:12.228391Z,72019,00003,"https://api.waterdata.usgs.gov/ogcapi/v0/collections/latest-daily/items?parameter_code=72019&statistic_id=00003&bbox=-125,24,-66,50&datetime=2024-01-01/2026-08-28&limit=300&f=csv"
USGS-391933075435001,2026-08-27,39.32581,-75.73050,8.38,Provisional,2026-08-27T23:24:16.806580Z,72019,00003,"https://api.waterdata.usgs.gov/ogcapi/v0/collections/latest-daily/items?parameter_code=72019&statistic_id=00003&bbox=-125,24,-66,50&datetime=2024-01-01/2026-08-28&limit=300&f=csv"
USGS-314903110125501,2026-02-03,31.81744,-110.21522,15.13,Approved,2026-05-12T09:06:05.129205Z,72019,00003,"https://api.waterdata.usgs.gov/ogcapi/v0/collections/latest-daily/items?parameter_code=72019&statistic_id=00003&bbox=-125,24,-66,50&datetime=2024-01-01/2026-08-28&limit=300&f=csv"
USGS-454302108392001,2026-08-02,45.71717,-108.65625,7.46,Provisional,2026-08-06T09:08:43.385502Z,72019,00003,"https://api.waterdata.usgs.gov/ogcapi/v0/collections/latest-daily/items?parameter_code=72019&statistic_id=00003&bbox=-125,24,-66,50&datetime=2024-01-01/2026-08-28&limit=300&f=csv"
USGS-422733072532601,2026-08-27,42.45946,-72.89028,5.99,Provisional,2026-08-27T23:21:19.653852Z,72019,00003,"https://api.waterdata.usgs.gov/ogcapi/v0/collections/latest-daily/items?parameter_code=72019&statistic_id=00003&bbox=-125,24,-66,50&datetime=2024-01-01/2026-08-28&limit=300&f=csv"
MO005-372202094370201,2026-08-26,37.36722,-94.61739,243.33,Provisional,2026-08-27T08:06:30.303388Z,72019,00003,"https://api.waterdata.usgs.gov/ogcapi/v0/collections/latest-daily/items?parameter_code=72019&statistic_id=00003&bbox=-125,24,-66,50&datetime=2024-01-01/2026-08-28&limit=300&f=csv"
USGS-425844077532901,2026-08-26,42.97889,-77.89139,48.77,Provisional,2026-08-27T07:10:29.300709Z,72019,00003,"https://api.waterdata.usgs.gov/ogcapi/v0/collections/latest-daily/items?parameter_code=72019&statistic_id=00003&bbox=-125,24,-66,50&datetime=2024-01-01/2026-08-28&limit=300&f=csv"
USGS-293252098380801,2026-08-26,29.54778,-98.63556,211.85,Provisional,2026-08-27T08:13:31.324622Z,72019,00003,"https://api.waterdata.usgs.gov/ogcapi/v0/collections/latest-daily/items?parameter_code=72019&statistic_id=00003&bbox=-125,24,-66,50&datetime=2024-01-01/2026-08-28&limit=300&f=csv"
USGS-431312089475301,2026-08-27,43.22295,-89.79992,12.22,Provisional,2026-08-28T02:19:19.577764Z,72019,00003,"https://api.waterdata.usgs.gov/ogcapi/v0/collections/latest-daily/items?parameter_code=72019&statistic_id=00003&bbox=-125,24,-66,50&datetime=2024-01-01/2026-08-28&limit=300&f=csv"
USGS-350908106344401,2026-06-30,35.15257,-106.57949,331.74,Approved,2026-07-24T09:06:29.534277Z,72019,00003,"https://api.waterdata.usgs.gov/ogcapi/v0/collections/latest-daily/items?parameter_code=72019&statistic_id=00003&bbox=-125,24,-66,50&datetime=2024-01-01/2026-08-28&limit=300&f=csv"
USGS-420234071262401,2026-08-27,42.04291,-71.44001,10.22,Provisional,2026-08-28T02:27:29.256824Z,72019,00003,"https://api.waterdata.usgs.gov/ogcapi/v0/collections/latest-daily/items?parameter_code=72019&statistic_id=00003&bbox=-125,24,-66,50&datetime=2024-01-01/2026-08-28&limit=300&f=csv"
USGS-412708076150201,2026-08-26,41.45228,-76.25053,45.61,Provisional,2026-08-27T07:11:29.079933Z,72019,00003,"https://api.waterdata.usgs.gov/ogcapi/v0/collections/latest-daily/items?parameter_code=72019&statistic_id=00003&bbox=-125,24,-66,50&datetime=2024-01-01/2026-08-28&limit=300&f=csv"
USGS-414640077493801,2026-08-26,41.77706,-77.82731,19.61,Provisional,2026-08-27T07:09:56.327515Z,72019,00003,"https://api.waterdata.usgs.gov/ogcapi/v0/collections/latest-daily/items?parameter_code=72019&statistic_id=00003&bbox=-125,24,-66,50&datetime=2024-01-01/2026-08-28&limit=300&f=csv"
USGS-294338095270403,2026-08-26,29.72750,-95.45139,265.37,Provisional,2026-08-28T02:08:46.612708Z,72019,00003,"https://api.waterdata.usgs.gov/ogcapi/v0/collections/latest-daily/items?parameter_code=72019&statistic_id=00003&bbox=-125,24,-66,50&datetime=2024-01-01/2026-08-28&limit=300&f=csv"
USGS-450543093105306,2024-06-09,45.09525,-93.18154,1.00,Approved,2026-03-26T16:10:10.881541Z,72019,00003,"https://api.waterdata.usgs.gov/ogcapi/v0/collections/latest-daily/items?parameter_code=72019&statistic_id=00003&bbox=-125,24,-66,50&datetime=2024-01-01/2026-08-28&limit=300&f=csv"
USGS-411412105272001,2026-08-27,41.23654,-105.45549,48.10,Provisional,2026-08-28T02:54:11.635547Z,72019,00003,"https://api.waterdata.usgs.gov/ogcapi/v0/collections/latest-daily/items?parameter_code=72019&statistic_id=00003&bbox=-125,24,-66,50&datetime=2024-01-01/2026-08-28&limit=300&f=csv"
USGS-461935118081501,2026-08-26,46.32621,-118.13856,38.65,Provisional,2026-08-27T10:07:32.951478Z,72019,00003,"https://api.waterdata.usgs.gov/ogcapi/v0/collections/latest-daily/items?parameter_code=72019&statistic_id=00003&bbox=-125,24,-66,50&datetime=2024-01-01/2026-08-28&limit=300&f=csv"
USGS-314144110104702,2026-06-15,31.69559,-110.18053,13.38,Provisional,2026-06-26T09:08:32.128099Z,72019,00003,"https://api.waterdata.usgs.gov/ogcapi/v0/collections/latest-daily/items?parameter_code=72019&statistic_id=00003&bbox=-125,24,-66,50&datetime=2024-01-01/2026-08-28&limit=300&f=csv"
USGS-422806071160302,2025-04-10,42.46829,-71.26764,0.00,Provisional,2026-03-26T15:51:30.472711Z,72019,00003,"https://api.waterdata.usgs.gov/ogcapi/v0/collections/latest-daily/items?parameter_code=72019&statistic_id=00003&bbox=-125,24,-66,50&datetime=2024-01-01/2026-08-28&limit=300&f=csv"
USGS-423810072435401,2026-08-27,42.63606,-72.73153,16.17,Provisional,2026-08-28T02:24:48.025268Z,72019,00003,"https://api.waterdata.usgs.gov/ogcapi/v0/collections/latest-daily/items?parameter_code=72019&statistic_id=00003&bbox=-125,24,-66,50&datetime=2024-01-01/2026-08-28&limit=300&f=csv"
USGS-324450114515101,2025-04-28,32.74734,-114.86404,98.38,Provisional,2026-03-26T17:06:25.239783Z,72019,00003,"https://api.waterdata.usgs.gov/ogcapi/v0/collections/latest-daily/items?parameter_code=72019&statistic_id=00003&bbox=-125,24,-66,50&datetime=2024-01-01/2026-08-28&limit=300&f=csv"
MO005-390945094234001,2026-08-26,39.16250,-94.39467,36.54,Provisional,2026-08-27T08:06:48.652215Z,72019,00003,"https://api.waterdata.usgs.gov/ogcapi/v0/collections/latest-daily/items?parameter_code=72019&statistic_id=00003&bbox=-125,24,-66,50&datetime=2024-01-01/2026-08-28&limit=300&f=csv"
USGS-350359106333908,2025-03-03,35.06636,-106.56102,485.33,Approved,2026-03-27T13:06:40.963328Z,72019,00003,"https://api.waterdata.usgs.gov/ogcapi/v0/collections/latest-daily/items?parameter_code=72019&statistic_id=00003&bbox=-125,24,-66,50&datetime=2024-01-01/2026-08-28&limit=300&f=csv"
USGS-312232084391701,2026-08-27,31.37740,-84.65464,8.67,Provisional,2026-08-28T00:46:13.634216Z,72019,00003,"https://api.waterdata.usgs.gov/ogcapi/v0/collections/latest-daily/items?parameter_code=72019&statistic_id=00003&bbox=-125,24,-66,50&datetime=2024-01-01/2026-08-28&limit=300&f=csv"
USGS-313312110082502,2026-01-26,31.55343,-110.14091,9.09,Approved,2026-03-27T12:53:15.650709Z,72019,00003,"https://api.waterdata.usgs.gov/ogcapi/v0/collections/latest-daily/items?parameter_code=72019&statistic_id=00003&bbox=-125,24,-66,50&datetime=2024-01-01/2026-08-28&limit=300&f=csv"
USGS-424859073585501,2026-08-26,42.81639,-73.98211,8.01,Provisional,2026-08-27T07:07:42.256445Z,72019,00003,"https://api.waterdata.usgs.gov/ogcapi/v0/collections/latest-daily/items?parameter_code=72019&statistic_id=00003&bbox=-125,24,-66,50&datetime=2024-01-01/2026-08-28&limit=300&f=csv"
USGS-333117114322801,2026-07-22,33.52169,-114.54327,11.10,Approved,2026-08-13T09:05:13.101195Z,72019,00003,"https://api.waterdata.usgs.gov/ogcapi/v0/collections/latest-daily/items?parameter_code=72019&statistic_id=00003&bbox=-125,24,-66,50&datetime=2024-01-01/2026-08-28&limit=300&f=csv"
USGS-403948085414601,2025-06-11,40.66338,-85.69609,45.56,Provisional,2026-07-01T07:19:10.319274Z,72019,00003,"https://api.waterdata.usgs.gov/ogcapi/v0/collections/latest-daily/items?parameter_code=72019&statistic_id=00003&bbox=-125,24,-66,50&datetime=2024-01-01/2026-08-28&limit=300&f=csv"
USGS-400120074265401,2026-08-23,40.02234,-74.44793,54.29,Provisional,2026-08-25T07:18:05.532150Z,72019,00003,"https://api.waterdata.usgs.gov/ogcapi/v0/collections/latest-daily/items?parameter_code=72019&statistic_id=00003&bbox=-125,24,-66,50&datetime=2024-01-01/2026-08-28&limit=300&f=csv"
USGS-385524114045601,2026-08-26,38.92327,-114.08361,226.19,Provisional,2026-08-28T02:23:51.331660Z,72019,00003,"https://api.waterdata.usgs.gov/ogcapi/v0/collections/latest-daily/items?parameter_code=72019&statistic_id=00003&bbox=-125,24,-66,50&datetime=2024-01-01/2026-08-28&limit=300&f=csv"
USGS-322500085551201,2025-06-11,32.41692,-85.91992,11.28,Approved,2026-08-26T08:07:32.268646Z,72019,00003,"https://api.waterdata.usgs.gov/ogcapi/v0/collections/latest-daily/items?parameter_code=72019&statistic_id=00003&bbox=-125,24,-66,50&datetime=2024-01-01/2026-08-28&limit=300&f=csv"
MO005-365415093342301,2026-08-26,36.90417,-93.57300,39.64,Provisional,2026-08-27T08:12:43.561136Z,72019,00003,"https://api.waterdata.usgs.gov/ogcapi/v0/collections/latest-daily/items?parameter_code=72019&statistic_id=00003&bbox=-125,24,-66,50&datetime=2024-01-01/2026-08-28&limit=300&f=csv"
USGS-421556075281602,2026-08-26,42.26536,-75.47081,9.06,Provisional,2026-08-27T07:18:43.891176Z,72019,00003,"https://api.waterdata.usgs.gov/ogcapi/v0/collections/latest-daily/items?parameter_code=72019&statistic_id=00003&bbox=-125,24,-66,50&datetime=2024-01-01/2026-08-28&limit=300&f=csv"
MO005-390651092125101,2026-08-26,39.11417,-92.21389,417.73,Provisional,2026-08-27T08:11:57.526409Z,72019,00003,"https://api.waterdata.usgs.gov/ogcapi/v0/collections/latest-daily/items?parameter_code=72019&statistic_id=00003&bbox=-125,24,-66,50&datetime=2024-01-01/2026-08-28&limit=300&f=csv"
USGS-370210116421501,2024-08-20,37.03606,-116.70492,28.43,Provisional,2026-08-28T03:04:10.579672Z,72019,00003,"https://api.waterdata.usgs.gov/ogcapi/v0/collections/latest-daily/items?parameter_code=72019&statistic_id=00003&bbox=-125,24,-66,50&datetime=2024-01-01/2026-08-28&limit=300&f=csv"
USGS-452726088434401,2026-08-27,45.45763,-88.72928,16.45,Provisional,2026-08-28T02:07:06.606343Z,72019,00003,"https://api.waterdata.usgs.gov/ogcapi/v0/collections/latest-daily/items?parameter_code=72019&statistic_id=00003&bbox=-125,24,-66,50&datetime=2024-01-01/2026-08-28&limit=300&f=csv"
USGS-395524074502502,2026-08-27,39.92345,-74.83989,57.60,Provisional,2026-08-28T00:37:16.324941Z,72019,00003,"https://api.waterdata.usgs.gov/ogcapi/v0/collections/latest-daily/items?parameter_code=72019&statistic_id=00003&bbox=-125,24,-66,50&datetime=2024-01-01/2026-08-28&limit=300&f=csv"
USGS-305018093251301,2024-05-22,30.83853,-93.42045,36.89,Approved,2026-03-26T16:52:54.722646Z,72019,00003,"https://api.waterdata.usgs.gov/ogcapi/v0/collections/latest-daily/items?parameter_code=72019&statistic_id=00003&bbox=-125,24,-66,50&datetime=2024-01-01/2026-08-28&limit=300&f=csv"
USGS-350534106354702,2026-08-20,35.09302,-106.59703,336.40,Provisional,2026-08-22T09:05:30.600184Z,72019,00003,"https://api.waterdata.usgs.gov/ogcapi/v0/collections/latest-daily/items?parameter_code=72019&statistic_id=00003&bbox=-125,24,-66,50&datetime=2024-01-01/2026-08-28&limit=300&f=csv"
USGS-400229075104601,2026-08-26,40.04147,-75.17933,15.76,Provisional,2026-08-27T07:07:36.543099Z,72019,00003,"https://api.waterdata.usgs.gov/ogcapi/v0/collections/latest-daily/items?parameter_code=72019&statistic_id=00003&bbox=-125,24,-66,50&datetime=2024-01-01/2026-08-28&limit=300&f=csv"
USGS-435723092171801,2024-08-13,43.95629,-92.28836,7.98,Approved,2026-03-26T18:45:32.906880Z,72019,00003,"https://api.waterdata.usgs.gov/ogcapi/v0/collections/latest-daily/items?parameter_code=72019&statistic_id=00003&bbox=-125,24,-66,50&datetime=2024-01-01/2026-08-28&limit=300&f=csv"
USGS-354359078403104,2026-08-27,35.73306,-78.67556,31.88,Provisional,2026-08-28T01:11:10.758019Z,72019,00003,"https://api.waterdata.usgs.gov/ogcapi/v0/collections/latest-daily/items?parameter_code=72019&statistic_id=00003&bbox=-125,24,-66,50&datetime=2024-01-01/2026-08-28&limit=300&f=csv"
USGS-410155074060201,2026-08-27,41.03204,-74.10014,3.73,Provisional,2026-08-28T00:37:14.880429Z,72019,00003,"https://api.waterdata.usgs.gov/ogcapi/v0/collections/latest-daily/items?parameter_code=72019&statistic_id=00003&bbox=-125,24,-66,50&datetime=2024-01-01/2026-08-28&limit=300&f=csv"
MO005-365319089331001,2026-08-26,36.88822,-89.55275,7.26,Provisional,2026-08-27T08:07:05.875946Z,72019,00003,"https://api.waterdata.usgs.gov/ogcapi/v0/collections/latest-daily/items?parameter_code=72019&statistic_id=00003&bbox=-125,24,-66,50&datetime=2024-01-01/2026-08-28&limit=300&f=csv"
MO005-384455093201001,2026-08-26,38.74811,-93.33608,288.03,Provisional,2026-08-27T08:10:48.774446Z,72019,00003,"https://api.waterdata.usgs.gov/ogcapi/v0/collections/latest-daily/items?parameter_code=72019&statistic_id=00003&bbox=-125,24,-66,50&datetime=2024-01-01/2026-08-28&limit=300&f=csv"
USGS-351808082374302,2026-08-27,35.30278,-82.62833,35.11,Provisional,2026-08-28T00:42:08.051863Z,72019,00003,"https://api.waterdata.usgs.gov/ogcapi/v0/collections/latest-daily/items?parameter_code=72019&statistic_id=00003&bbox=-125,24,-66,50&datetime=2024-01-01/2026-08-28&limit=300&f=csv"
USGS-425846075504501,2026-08-26,42.97939,-75.84575,139.23,Provisional,2026-08-27T07:11:58.047463Z,72019,00003,"https://api.waterdata.usgs.gov/ogcapi/v0/collections/latest-daily/items?parameter_code=72019&statistic_id=00003&bbox=-125,24,-66,50&datetime=2024-01-01/2026-08-28&limit=300&f=csv"
USGS-343017096561501,2025-01-20,34.50510,-96.93760,0.00,Provisional,2026-03-26T16:14:07.856499Z,72019,00003,"https://api.waterdata.usgs.gov/ogcapi/v0/collections/latest-daily/items?parameter_code=72019&statistic_id=00003&bbox=-125,24,-66,50&datetime=2024-01-01/2026-08-28&limit=300&f=csv"
USGS-411536069591301,2026-08-27,41.26012,-69.98640,11.42,Provisional,2026-08-27T23:41:19.620459Z,72019,00003,"https://api.waterdata.usgs.gov/ogcapi/v0/collections/latest-daily/items?parameter_code=72019&statistic_id=00003&bbox=-125,24,-66,50&datetime=2024-01-01/2026-08-28&limit=300&f=csv"
USGS-311456081210503,2026-08-03,31.24839,-81.35147,13.22,Provisional,2026-08-05T07:04:49.982006Z,72019,00003,"https://api.waterdata.usgs.gov/ogcapi/v0/collections/latest-daily/items?parameter_code=72019&statistic_id=00003&bbox=-125,24,-66,50&datetime=2024-01-01/2026-08-28&limit=300&f=csv"
MO005-363728093150401,2026-08-26,36.62453,-93.25169,213.76,Provisional,2026-08-27T08:11:31.469371Z,72019,00003,"https://api.waterdata.usgs.gov/ogcapi/v0/collections/latest-daily/items?parameter_code=72019&statistic_id=00003&bbox=-125,24,-66,50&datetime=2024-01-01/2026-08-28&limit=300&f=csv"
USGS-360349115100001,2026-05-14,36.06608,-115.17194,105.63,Provisional,2026-07-28T10:06:47.203140Z,72019,00003,"https://api.waterdata.usgs.gov/ogcapi/v0/collections/latest-daily/items?parameter_code=72019&statistic_id=00003&bbox=-125,24,-66,50&datetime=2024-01-01/2026-08-28&limit=300&f=csv"
USGS-420825123040401,2025-01-10,42.14015,-123.06836,35.53,Provisional,2026-03-26T18:57:33.697957Z,72019,00003,"https://api.waterdata.usgs.gov/ogcapi/v0/collections/latest-daily/items?parameter_code=72019&statistic_id=00003&bbox=-125,24,-66,50&datetime=2024-01-01/2026-08-28&limit=300&f=csv"
USGS-405320078483901,2026-08-26,40.88989,-78.81189,29.87,Provisional,2026-08-27T07:15:23.535760Z,72019,00003,"https://api.waterdata.usgs.gov/ogcapi/v0/collections/latest-daily/items?parameter_code=72019&statistic_id=00003&bbox=-125,24,-66,50&datetime=2024-01-01/2026-08-28&limit=300&f=csv"
USGS-401637076071501,2026-08-26,40.27703,-76.12067,12.51,Provisional,2026-08-27T07:16:50.168356Z,72019,00003,"https://api.waterdata.usgs.gov/ogcapi/v0/collections/latest-daily/items?parameter_code=72019&statistic_id=00003&bbox=-125,24,-66,50&datetime=2024-01-01/2026-08-28&limit=300&f=csv"
USGS-452822122372001,2026-03-01,45.47264,-122.62333,97.67,Approved,2026-08-12T10:06:03.447976Z,72019,00003,"https://api.waterdata.usgs.gov/ogcapi/v0/collections/latest-daily/items?parameter_code=72019&statistic_id=00003&bbox=-125,24,-66,50&datetime=2024-01-01/2026-08-28&limit=300&f=csv"
USGS-350056106370103,2026-06-29,35.01589,-106.61728,210.21,Provisional,2026-07-11T09:07:07.046683Z,72019,00003,"https://api.waterdata.usgs.gov/ogcapi/v0/collections/latest-daily/items?parameter_code=72019&statistic_id=00003&bbox=-125,24,-66,50&datetime=2024-01-01/2026-08-28&limit=300&f=csv"
USGS-312711083293101,2026-08-09,31.45310,-83.49184,129.48,Provisional,2026-08-27T12:45:10.570555Z,72019,00003,"https://api.waterdata.usgs.gov/ogcapi/v0/collections/latest-daily/items?parameter_code=72019&statistic_id=00003&bbox=-125,24,-66,50&datetime=2024-01-01/2026-08-28&limit=300&f=csv"
USGS-411922085221801,2026-08-26,41.32267,-85.37208,32.03,Provisional,2026-08-27T07:12:26.835798Z,72019,00003,"https://api.waterdata.usgs.gov/ogcapi/v0/collections/latest-daily/items?parameter_code=72019&statistic_id=00003&bbox=-125,24,-66,50&datetime=2024-01-01/2026-08-28&limit=300&f=csv"
USGS-402734087033401,2025-02-27,40.45948,-87.05946,117.87,Provisional,2026-08-28T03:04:26.181001Z,72019,00003,"https://api.waterdata.usgs.gov/ogcapi/v0/collections/latest-daily/items?parameter_code=72019&statistic_id=00003&bbox=-125,24,-66,50&datetime=2024-01-01/2026-08-28&limit=300&f=csv"
USGS-413930070190901,2026-08-27,41.65844,-70.31863,26.43,Provisional,2026-08-27T23:21:07.966698Z,72019,00003,"https://api.waterdata.usgs.gov/ogcapi/v0/collections/latest-daily/items?parameter_code=72019&statistic_id=00003&bbox=-125,24,-66,50&datetime=2024-01-01/2026-08-28&limit=300&f=csv"
USGS-415439093094801,2026-08-27,41.91078,-93.16325,13.39,Provisional,2026-08-27T22:42:09.016042Z,72019,00003,"https://api.waterdata.usgs.gov/ogcapi/v0/collections/latest-daily/items?parameter_code=72019&statistic_id=00003&bbox=-125,24,-66,50&datetime=2024-01-01/2026-08-28&limit=300&f=csv"
USGS-463642069344601,2026-08-27,46.61170,-69.57839,16.86,Provisional,2026-08-28T00:55:08.419672Z,72019,00003,"https://api.waterdata.usgs.gov/ogcapi/v0/collections/latest-daily/items?parameter_code=72019&statistic_id=00003&bbox=-125,24,-66,50&datetime=2024-01-01/2026-08-28&limit=300&f=csv"
USGS-342336096381201,2025-03-11,34.39345,-96.63657,27.74,Provisional,2026-03-27T13:46:58.857968Z,72019,00003,"https://api.waterdata.usgs.gov/ogcapi/v0/collections/latest-daily/items?parameter_code=72019&statistic_id=00003&bbox=-125,24,-66,50&datetime=2024-01-01/2026-08-28&limit=300&f=csv"
USGS-310507084262201,2026-08-27,31.08546,-84.43935,59.85,Provisional,2026-08-28T01:15:13.128180Z,72019,00003,"https://api.waterdata.usgs.gov/ogcapi/v0/collections/latest-daily/items?parameter_code=72019&statistic_id=00003&bbox=-125,24,-66,50&datetime=2024-01-01/2026-08-28&limit=300&f=csv"
USGS-382323104200701,2026-08-27,38.38967,-104.33582,22.36,Provisional,2026-08-28T01:26:10.849455Z,72019,00003,"https://api.waterdata.usgs.gov/ogcapi/v0/collections/latest-daily/items?parameter_code=72019&statistic_id=00003&bbox=-125,24,-66,50&datetime=2024-01-01/2026-08-28&limit=300&f=csv"
USGS-412918071321001,2026-08-27,41.48843,-71.53562,12.72,Provisional,2026-08-28T00:06:14.572463Z,72019,00003,"https://api.waterdata.usgs.gov/ogcapi/v0/collections/latest-daily/items?parameter_code=72019&statistic_id=00003&bbox=-125,24,-66,50&datetime=2024-01-01/2026-08-28&limit=300&f=csv"
USGS-393423086161001,2026-08-26,39.57309,-86.26942,7.36,Provisional,2026-08-27T07:13:56.470783Z,72019,00003,"https://api.waterdata.usgs.gov/ogcapi/v0/collections/latest-daily/items?parameter_code=72019&statistic_id=00003&bbox=-125,24,-66,50&datetime=2024-01-01/2026-08-28&limit=300&f=csv"
USGS-393232074263901,2026-08-27,39.44428,-74.54182,102.24,Provisional,2026-08-28T00:20:13.555432Z,72019,00003,"https://api.waterdata.usgs.gov/ogcapi/v0/collections/latest-daily/items?parameter_code=72019&statistic_id=00003&bbox=-125,24,-66,50&datetime=2024-01-01/2026-08-28&limit=300&f=csv"
USGS-350638106413702,2026-07-06,35.11001,-106.69462,177.55,Approved,2026-07-19T09:05:41.257027Z,72019,00003,"https://api.waterdata.usgs.gov/ogcapi/v0/collections/latest-daily/items?parameter_code=72019&statistic_id=00003&bbox=-125,24,-66,50&datetime=2024-01-01/2026-08-28&limit=300&f=csv"
USGS-462641110561701,2024-04-30,46.44462,-110.93889,84.43,Approved,2026-03-26T19:48:10.149457Z,72019,00003,"https://api.waterdata.usgs.gov/ogcapi/v0/collections/latest-daily/items?parameter_code=72019&statistic_id=00003&bbox=-125,24,-66,50&datetime=2024-01-01/2026-08-28&limit=300&f=csv"
USGS-331346092391101,2026-07-07,33.21280,-92.65272,267.70,Approved,2026-08-25T08:09:23.590114Z,72019,00003,"https://api.waterdata.usgs.gov/ogcapi/v0/collections/latest-daily/items?parameter_code=72019&statistic_id=00003&bbox=-125,24,-66,50&datetime=2024-01-01/2026-08-28&limit=300&f=csv"
MO005-383906090511401,2026-08-26,38.65172,-90.85402,41.22,Provisional,2026-08-27T08:08:33.969101Z,72019,00003,"https://api.waterdata.usgs.gov/ogcapi/v0/collections/latest-daily/items?parameter_code=72019&statistic_id=00003&bbox=-125,24,-66,50&datetime=2024-01-01/2026-08-28&limit=300&f=csv"
MO005-381045091564801,2026-08-26,38.17917,-91.94667,127.06,Provisional,2026-08-27T08:05:40.649090Z,72019,00003,"https://api.waterdata.usgs.gov/ogcapi/v0/collections/latest-daily/items?parameter_code=72019&statistic_id=00003&bbox=-125,24,-66,50&datetime=2024-01-01/2026-08-28&limit=300&f=csv"
USGS-394513074280601,2026-07-29,39.75373,-74.46793,29.69,Provisional,2026-07-31T07:23:11.906519Z,72019,00003,"https://api.waterdata.usgs.gov/ogcapi/v0/collections/latest-daily/items?parameter_code=72019&statistic_id=00003&bbox=-125,24,-66,50&datetime=2024-01-01/2026-08-28&limit=300&f=csv"
USGS-343623096421801,2025-03-11,34.60648,-96.70529,43.06,Provisional,2026-08-28T03:04:59.124179Z,72019,00003,"https://api.waterdata.usgs.gov/ogcapi/v0/collections/latest-daily/items?parameter_code=72019&statistic_id=00003&bbox=-125,24,-66,50&datetime=2024-01-01/2026-08-28&limit=300&f=csv"
USGS-410917087285801,2025-04-27,41.15476,-87.48281,9.93,Approved,2026-08-19T07:08:38.118948Z,72019,00003,"https://api.waterdata.usgs.gov/ogcapi/v0/collections/latest-daily/items?parameter_code=72019&statistic_id=00003&bbox=-125,24,-66,50&datetime=2024-01-01/2026-08-28&limit=300&f=csv"
MO005-400105093591601,2026-08-26,40.01822,-93.98775,77.98,Provisional,2026-08-27T08:05:50.051080Z,72019,00003,"https://api.waterdata.usgs.gov/ogcapi/v0/collections/latest-daily/items?parameter_code=72019&statistic_id=00003&bbox=-125,24,-66,50&datetime=2024-01-01/2026-08-28&limit=300&f=csv"
USGS-403455074514801,2026-08-27,40.57732,-74.86044,9.89,Provisional,2026-08-28T02:02:13.980965Z,72019,00003,"https://api.waterdata.usgs.gov/ogcapi/v0/collections/latest-daily/items?parameter_code=72019&statistic_id=00003&bbox=-125,24,-66,50&datetime=2024-01-01/2026-08-28&limit=300&f=csv"
USGS-402512074414301,2026-04-05,40.42011,-74.69488,16.06,Provisional,2026-07-03T07:09:46.285114Z,72019,00003,"https://api.waterdata.usgs.gov/ogcapi/v0/collections/latest-daily/items?parameter_code=72019&statistic_id=00003&bbox=-125,24,-66,50&datetime=2024-01-01/2026-08-28&limit=300&f=csv"
USGS-330002092445901,2026-08-26,33.00070,-92.74988,246.68,Provisional,2026-08-27T08:07:04.239036Z,72019,00003,"https://api.waterdata.usgs.gov/ogcapi/v0/collections/latest-daily/items?parameter_code=72019&statistic_id=00003&bbox=-125,24,-66,50&datetime=2024-01-01/2026-08-28&limit=300&f=csv"
USGS-474428091594601,2024-08-15,47.74126,-91.99612,2.20,Approved,2026-03-26T17:36:02.515674Z,72019,00003,"https://api.waterdata.usgs.gov/ogcapi/v0/collections/latest-daily/items?parameter_code=72019&statistic_id=00003&bbox=-125,24,-66,50&datetime=2024-01-01/2026-08-28&limit=300&f=csv"
USGS-442505089032001,2026-06-04,44.41832,-89.05583,1.10,Provisional,2026-06-13T02:08:55.204129Z,72019,00003,"https://api.waterdata.usgs.gov/ogcapi/v0/collections/latest-daily/items?parameter_code=72019&statistic_id=00003&bbox=-125,24,-66,50&datetime=2024-01-01/2026-08-28&limit=300&f=csv"
USGS-412154070404701,2026-08-27,41.36511,-70.67919,18.26,Provisional,2026-08-28T00:41:22.842092Z,72019,00003,"https://api.waterdata.usgs.gov/ogcapi/v0/collections/latest-daily/items?parameter_code=72019&statistic_id=00003&bbox=-125,24,-66,50&datetime=2024-01-01/2026-08-28&limit=300&f=csv"
USGS-394336074161201,2026-07-14,39.72675,-74.26947,27.23,Provisional,2026-07-22T07:11:25.924860Z,72019,00003,"https://api.waterdata.usgs.gov/ogcapi/v0/collections/latest-daily/items?parameter_code=72019&statistic_id=00003&bbox=-125,24,-66,50&datetime=2024-01-01/2026-08-28&limit=300&f=csv"
USGS-343753106430601,2026-08-12,34.63138,-106.71846,134.63,Provisional,2026-08-22T09:08:54.998101Z,72019,00003,"https://api.waterdata.usgs.gov/ogcapi/v0/collections/latest-daily/items?parameter_code=72019&statistic_id=00003&bbox=-125,24,-66,50&datetime=2024-01-01/2026-08-28&limit=300&f=csv"
USGS-402735077100901,2026-08-26,40.46044,-77.16869,13.56,Provisional,2026-08-27T07:11:39.406162Z,72019,00003,"https://api.waterdata.usgs.gov/ogcapi/v0/collections/latest-daily/items?parameter_code=72019&statistic_id=00003&bbox=-125,24,-66,50&datetime=2024-01-01/2026-08-28&limit=300&f=csv"
USGS-350638106413706,2026-07-06,35.11001,-106.69462,157.06,Approved,2026-07-19T09:06:36.124963Z,72019,00003,"https://api.waterdata.usgs.gov/ogcapi/v0/collections/latest-daily/items?parameter_code=72019&statistic_id=00003&bbox=-125,24,-66,50&datetime=2024-01-01/2026-08-28&limit=300&f=csv"
USGS-394808075172402,2026-05-25,39.80234,-75.28963,9.50,Approved,2026-06-12T07:25:31.715479Z,72019,00003,"https://api.waterdata.usgs.gov/ogcapi/v0/collections/latest-daily/items?parameter_code=72019&statistic_id=00003&bbox=-125,24,-66,50&datetime=2024-01-01/2026-08-28&limit=300&f=csv"
USGS-400148074352101,2026-07-12,40.03011,-74.58877,10.81,Provisional,2026-07-16T07:06:55.865018Z,72019,00003,"https://api.waterdata.usgs.gov/ogcapi/v0/collections/latest-daily/items?parameter_code=72019&statistic_id=00003&bbox=-125,24,-66,50&datetime=2024-01-01/2026-08-28&limit=300&f=csv"
USGS-422622073410901,2026-08-26,42.43958,-73.68581,10.45,Provisional,2026-08-27T07:10:43.986363Z,72019,00003,"https://api.waterdata.usgs.gov/ogcapi/v0/collections/latest-daily/items?parameter_code=72019&statistic_id=00003&bbox=-125,24,-66,50&datetime=2024-01-01/2026-08-28&limit=300&f=csv"
USGS-343201080182001,2026-08-27,34.53382,-80.30576,108.67,Provisional,2026-08-28T01:27:19.515558Z,72019,00003,"https://api.waterdata.usgs.gov/ogcapi/v0/collections/latest-daily/items?parameter_code=72019&statistic_id=00003&bbox=-125,24,-66,50&datetime=2024-01-01/2026-08-28&limit=300&f=csv"
USGS-332115103403301,2024-05-05,33.35672,-103.67778,60.17,Provisional,2026-03-26T18:18:55.825997Z,72019,00003,"https://api.waterdata.usgs.gov/ogcapi/v0/collections/latest-daily/items?parameter_code=72019&statistic_id=00003&bbox=-125,24,-66,50&datetime=2024-01-01/2026-08-28&limit=300&f=csv"
USGS-363850110100801,2026-08-26,36.64722,-110.17068,191.91,Provisional,2026-08-27T09:07:06.723418Z,72019,00003,"https://api.waterdata.usgs.gov/ogcapi/v0/collections/latest-daily/items?parameter_code=72019&statistic_id=00003&bbox=-125,24,-66,50&datetime=2024-01-01/2026-08-28&limit=300&f=csv"
MO005-375625091480401,2026-08-26,37.94031,-91.80128,211.15,Provisional,2026-08-27T08:13:40.621367Z,72019,00003,"https://api.waterdata.usgs.gov/ogcapi/v0/collections/latest-daily/items?parameter_code=72019&statistic_id=00003&bbox=-125,24,-66,50&datetime=2024-01-01/2026-08-28&limit=300&f=csv"
USGS-304806084404101,2026-08-27,30.80186,-84.67811,14.08,Provisional,2026-08-28T01:37:18.103556Z,72019,00003,"https://api.waterdata.usgs.gov/ogcapi/v0/collections/latest-daily/items?parameter_code=72019&statistic_id=00003&bbox=-125,24,-66,50&datetime=2024-01-01/2026-08-28&limit=300&f=csv"
USGS-394452074281901,2026-07-29,39.74790,-74.47154,4.22,Provisional,2026-07-31T07:20:28.505952Z,72019,00003,"https://api.waterdata.usgs.gov/ogcapi/v0/collections/latest-daily/items?parameter_code=72019&statistic_id=00003&bbox=-125,24,-66,50&datetime=2024-01-01/2026-08-28&limit=300&f=csv"
USGS-350910106414801,2026-07-16,35.15274,-106.69652,176.38,Approved,2026-07-24T09:04:48.829812Z,72019,00003,"https://api.waterdata.usgs.gov/ogcapi/v0/collections/latest-daily/items?parameter_code=72019&statistic_id=00003&bbox=-125,24,-66,50&datetime=2024-01-01/2026-08-28&limit=300&f=csv"
USGS-400232074213201,2026-08-27,40.04373,-74.35737,28.28,Provisional,2026-08-28T00:36:13.047425Z,72019,00003,"https://api.waterdata.usgs.gov/ogcapi/v0/collections/latest-daily/items?parameter_code=72019&statistic_id=00003&bbox=-125,24,-66,50&datetime=2024-01-01/2026-08-28&limit=300&f=csv"
USGS-431509074093201,2026-08-26,43.25242,-74.15875,29.38,Provisional,2026-08-27T07:14:36.429555Z,72019,00003,"https://api.waterdata.usgs.gov/ogcapi/v0/collections/latest-daily/items?parameter_code=72019&statistic_id=00003&bbox=-125,24,-66,50&datetime=2024-01-01/2026-08-28&limit=300&f=csv"
USGS-344431106393402,2026-06-28,34.74185,-106.66238,197.02,Provisional,2026-07-30T09:07:03.117408Z,72019,00003,"https://api.waterdata.usgs.gov/ogcapi/v0/collections/latest-daily/items?parameter_code=72019&statistic_id=00003&bbox=-125,24,-66,50&datetime=2024-01-01/2026-08-28&limit=300&f=csv"
USGS-383012086124501,2025-02-06,38.50339,-86.21248,74.02,Provisional,2026-03-26T21:52:34.239459Z,72019,00003,"https://api.waterdata.usgs.gov/ogcapi/v0/collections/latest-daily/items?parameter_code=72019&statistic_id=00003&bbox=-125,24,-66,50&datetime=2024-01-01/2026-08-28&limit=300&f=csv"
USGS-475439116503401,2026-08-26,47.91065,-116.84382,408.96,Provisional,2026-08-27T10:06:51.826843Z,72019,00003,"https://api.waterdata.usgs.gov/ogcapi/v0/collections/latest-daily/items?parameter_code=72019&statistic_id=00003&bbox=-125,24,-66,50&datetime=2024-01-01/2026-08-28&limit=300&f=csv"
USGS-313845081361701,2026-07-30,31.64855,-81.60094,57.69,Provisional,2026-08-20T07:11:55.318320Z,72019,00003,"https://api.waterdata.usgs.gov/ogcapi/v0/collections/latest-daily/items?parameter_code=72019&statistic_id=00003&bbox=-125,24,-66,50&datetime=2024-01-01/2026-08-28&limit=300&f=csv"
USGS-323510111181001,2026-04-26,32.58729,-111.30344,0.00,Provisional,2026-08-05T02:18:21.306788Z,72019,00003,"https://api.waterdata.usgs.gov/ogcapi/v0/collections/latest-daily/items?parameter_code=72…3775 tokens truncated…3&bbox=-125,24,-66,50&datetime=2024-01-01/2026-08-28&limit=300&f=csv"
USGS-342510096363901,2025-03-11,34.41931,-96.61083,21.08,Approved,2026-03-26T22:47:22.580191Z,72019,00003,"https://api.waterdata.usgs.gov/ogcapi/v0/collections/latest-daily/items?parameter_code=72019&statistic_id=00003&bbox=-125,24,-66,50&datetime=2024-01-01/2026-08-28&limit=300&f=csv"
USGS-343240096523201,2025-03-11,34.54444,-96.87556,23.17,Approved,2026-03-26T19:38:50.235175Z,72019,00003,"https://api.waterdata.usgs.gov/ogcapi/v0/collections/latest-daily/items?parameter_code=72019&statistic_id=00003&bbox=-125,24,-66,50&datetime=2024-01-01/2026-08-28&limit=300&f=csv"
USGS-311028081285902,2026-08-27,31.17453,-81.48328,10.83,Provisional,2026-08-28T00:47:08.991121Z,72019,00003,"https://api.waterdata.usgs.gov/ogcapi/v0/collections/latest-daily/items?parameter_code=72019&statistic_id=00003&bbox=-125,24,-66,50&datetime=2024-01-01/2026-08-28&limit=300&f=csv"
USGS-395609074124001,2026-07-12,39.93595,-74.21070,28.65,Provisional,2026-07-22T07:13:08.582777Z,72019,00003,"https://api.waterdata.usgs.gov/ogcapi/v0/collections/latest-daily/items?parameter_code=72019&statistic_id=00003&bbox=-125,24,-66,50&datetime=2024-01-01/2026-08-28&limit=300&f=csv"
MO005-382100090592801,2026-08-26,38.35025,-90.99039,64.04,Provisional,2026-08-27T08:06:26.236801Z,72019,00003,"https://api.waterdata.usgs.gov/ogcapi/v0/collections/latest-daily/items?parameter_code=72019&statistic_id=00003&bbox=-125,24,-66,50&datetime=2024-01-01/2026-08-28&limit=300&f=csv"
USGS-412714073331301,2026-08-26,41.45411,-73.55336,2.10,Provisional,2026-08-27T07:18:21.089961Z,72019,00003,"https://api.waterdata.usgs.gov/ogcapi/v0/collections/latest-daily/items?parameter_code=72019&statistic_id=00003&bbox=-125,24,-66,50&datetime=2024-01-01/2026-08-28&limit=300&f=csv"
USGS-342125084083301,2026-07-10,34.35759,-84.14269,30.56,Approved,2026-07-28T07:13:15.634279Z,72019,00003,"https://api.waterdata.usgs.gov/ogcapi/v0/collections/latest-daily/items?parameter_code=72019&statistic_id=00003&bbox=-125,24,-66,50&datetime=2024-01-01/2026-08-28&limit=300&f=csv"
USGS-424055071435302,2026-08-27,42.68194,-71.73139,13.61,Provisional,2026-08-27T23:21:18.740962Z,72019,00003,"https://api.waterdata.usgs.gov/ogcapi/v0/collections/latest-daily/items?parameter_code=72019&statistic_id=00003&bbox=-125,24,-66,50&datetime=2024-01-01/2026-08-28&limit=300&f=csv"
USGS-293202099063501,2024-05-06,29.53412,-99.11014,197.05,Approved,2026-03-26T20:20:31.883048Z,72019,00003,"https://api.waterdata.usgs.gov/ogcapi/v0/collections/latest-daily/items?parameter_code=72019&statistic_id=00003&bbox=-125,24,-66,50&datetime=2024-01-01/2026-08-28&limit=300&f=csv"
USGS-311022081304601,2025-04-21,31.17278,-81.51278,-1.96,Approved,2026-03-26T16:03:45.851787Z,72019,00003,"https://api.waterdata.usgs.gov/ogcapi/v0/collections/latest-daily/items?parameter_code=72019&statistic_id=00003&bbox=-125,24,-66,50&datetime=2024-01-01/2026-08-28&limit=300&f=csv"
USGS-384954075192701,2026-05-03,38.83194,-75.32442,11.27,Provisional,2026-07-30T07:08:52.784630Z,72019,00003,"https://api.waterdata.usgs.gov/ogcapi/v0/collections/latest-daily/items?parameter_code=72019&statistic_id=00003&bbox=-125,24,-66,50&datetime=2024-01-01/2026-08-28&limit=300&f=csv"
USGS-363033101440701,2026-08-27,36.50921,-101.73573,0.00,Provisional,2026-08-28T00:28:08.140617Z,72019,00003,"https://api.waterdata.usgs.gov/ogcapi/v0/collections/latest-daily/items?parameter_code=72019&statistic_id=00003&bbox=-125,24,-66,50&datetime=2024-01-01/2026-08-28&limit=300&f=csv"
USGS-453629068531801,2026-08-27,45.60810,-68.88782,10.88,Provisional,2026-08-28T03:28:10.556357Z,72019,00003,"https://api.waterdata.usgs.gov/ogcapi/v0/collections/latest-daily/items?parameter_code=72019&statistic_id=00003&bbox=-125,24,-66,50&datetime=2024-01-01/2026-08-28&limit=300&f=csv"
USGS-310410081343801,2026-08-27,31.06968,-81.57747,-15.20,Provisional,2026-08-28T01:24:08.565438Z,72019,00003,"https://api.waterdata.usgs.gov/ogcapi/v0/collections/latest-daily/items?parameter_code=72019&statistic_id=00003&bbox=-125,24,-66,50&datetime=2024-01-01/2026-08-28&limit=300&f=csv"
USGS-390723075284601,2024-09-30,39.13469,-75.49333,26.30,Approved,2026-03-26T16:30:08.403470Z,72019,00003,"https://api.waterdata.usgs.gov/ogcapi/v0/collections/latest-daily/items?parameter_code=72019&statistic_id=00003&bbox=-125,24,-66,50&datetime=2024-01-01/2026-08-28&limit=300&f=csv"
USGS-350910106414802,2026-07-16,35.15274,-106.69652,156.90,Approved,2026-07-24T09:04:43.076577Z,72019,00003,"https://api.waterdata.usgs.gov/ogcapi/v0/collections/latest-daily/items?parameter_code=72019&statistic_id=00003&bbox=-125,24,-66,50&datetime=2024-01-01/2026-08-28&limit=300&f=csv"
MO005-391825091285101,2026-08-26,39.30694,-91.48056,94.23,Provisional,2026-08-27T08:14:53.836547Z,72019,00003,"https://api.waterdata.usgs.gov/ogcapi/v0/collections/latest-daily/items?parameter_code=72019&statistic_id=00003&bbox=-125,24,-66,50&datetime=2024-01-01/2026-08-28&limit=300&f=csv"
USGS-402350073583901,2026-08-24,40.39733,-73.97708,8.17,Provisional,2026-08-27T07:20:19.957326Z,72019,00003,"https://api.waterdata.usgs.gov/ogcapi/v0/collections/latest-daily/items?parameter_code=72019&statistic_id=00003&bbox=-125,24,-66,50&datetime=2024-01-01/2026-08-28&limit=300&f=csv"
MO005-402657093470201,2026-08-26,40.44903,-93.78378,16.04,Provisional,2026-08-27T08:12:05.344960Z,72019,00003,"https://api.waterdata.usgs.gov/ogcapi/v0/collections/latest-daily/items?parameter_code=72019&statistic_id=00003&bbox=-125,24,-66,50&datetime=2024-01-01/2026-08-28&limit=300&f=csv"
USGS-314330084005402,2026-08-27,31.72519,-84.01407,21.16,Provisional,2026-08-28T00:39:11.342638Z,72019,00003,"https://api.waterdata.usgs.gov/ogcapi/v0/collections/latest-daily/items?parameter_code=72019&statistic_id=00003&bbox=-125,24,-66,50&datetime=2024-01-01/2026-08-28&limit=300&f=csv"
USGS-350002110355501,2026-08-26,35.00058,-110.59930,36.99,Provisional,2026-08-27T09:05:17.417598Z,72019,00003,"https://api.waterdata.usgs.gov/ogcapi/v0/collections/latest-daily/items?parameter_code=72019&statistic_id=00003&bbox=-125,24,-66,50&datetime=2024-01-01/2026-08-28&limit=300&f=csv"
USGS-325134109355401,2026-01-23,32.85955,-109.59838,218.75,Approved,2026-06-11T18:10:24.935647Z,72019,00003,"https://api.waterdata.usgs.gov/ogcapi/v0/collections/latest-daily/items?parameter_code=72019&statistic_id=00003&bbox=-125,24,-66,50&datetime=2024-01-01/2026-08-28&limit=300&f=csv"
USGS-412739080104201,2026-08-26,41.46089,-80.17842,26.03,Provisional,2026-08-27T07:17:54.205410Z,72019,00003,"https://api.waterdata.usgs.gov/ogcapi/v0/collections/latest-daily/items?parameter_code=72019&statistic_id=00003&bbox=-125,24,-66,50&datetime=2024-01-01/2026-08-28&limit=300&f=csv"
USGS-321943081151401,2026-08-27,32.32861,-81.25389,45.07,Provisional,2026-08-28T01:19:14.627853Z,72019,00003,"https://api.waterdata.usgs.gov/ogcapi/v0/collections/latest-daily/items?parameter_code=72019&statistic_id=00003&bbox=-125,24,-66,50&datetime=2024-01-01/2026-08-28&limit=300&f=csv"
USGS-400416074270101,2026-08-06,40.07067,-74.45015,76.16,Provisional,2026-08-08T07:13:42.756661Z,72019,00003,"https://api.waterdata.usgs.gov/ogcapi/v0/collections/latest-daily/items?parameter_code=72019&statistic_id=00003&bbox=-125,24,-66,50&datetime=2024-01-01/2026-08-28&limit=300&f=csv"
USGS-424136075025101,2026-08-26,42.69236,-75.04811,7.32,Provisional,2026-08-27T07:13:01.976173Z,72019,00003,"https://api.waterdata.usgs.gov/ogcapi/v0/collections/latest-daily/items?parameter_code=72019&statistic_id=00003&bbox=-125,24,-66,50&datetime=2024-01-01/2026-08-28&limit=300&f=csv"
USGS-415959091441301,2026-08-27,41.99961,-91.73692,7.67,Provisional,2026-08-28T02:16:59.430421Z,72019,00003,"https://api.waterdata.usgs.gov/ogcapi/v0/collections/latest-daily/items?parameter_code=72019&statistic_id=00003&bbox=-125,24,-66,50&datetime=2024-01-01/2026-08-28&limit=300&f=csv"
USGS-351515106410401,2026-04-30,35.25423,-106.68514,509.45,Approved,2026-07-21T09:08:52.318076Z,72019,00003,"https://api.waterdata.usgs.gov/ogcapi/v0/collections/latest-daily/items?parameter_code=72019&statistic_id=00003&bbox=-125,24,-66,50&datetime=2024-01-01/2026-08-28&limit=300&f=csv"
USGS-450543093105501,2024-06-09,45.09522,-93.18173,1.10,Approved,2026-03-26T15:58:20.604685Z,72019,00003,"https://api.waterdata.usgs.gov/ogcapi/v0/collections/latest-daily/items?parameter_code=72019&statistic_id=00003&bbox=-125,24,-66,50&datetime=2024-01-01/2026-08-28&limit=300&f=csv"
USGS-350836106395404,2026-07-06,35.14364,-106.66581,27.41,Provisional,2026-07-24T09:04:57.503998Z,72019,00003,"https://api.waterdata.usgs.gov/ogcapi/v0/collections/latest-daily/items?parameter_code=72019&statistic_id=00003&bbox=-125,24,-66,50&datetime=2024-01-01/2026-08-28&limit=300&f=csv"
MO005-373210090180601,2026-08-26,37.53553,-90.30178,107.06,Provisional,2026-08-27T08:10:28.201349Z,72019,00003,"https://api.waterdata.usgs.gov/ogcapi/v0/collections/latest-daily/items?parameter_code=72019&statistic_id=00003&bbox=-125,24,-66,50&datetime=2024-01-01/2026-08-28&limit=300&f=csv"
USGS-345650106415904,2026-07-15,34.94729,-106.69993,6.59,Provisional,2026-08-08T11:09:38.401663Z,72019,00003,"https://api.waterdata.usgs.gov/ogcapi/v0/collections/latest-daily/items?parameter_code=72019&statistic_id=00003&bbox=-125,24,-66,50&datetime=2024-01-01/2026-08-28&limit=300&f=csv"
USGS-414525074360601,2026-08-26,41.75689,-74.60150,9.43,Provisional,2026-08-27T07:08:57.450306Z,72019,00003,"https://api.waterdata.usgs.gov/ogcapi/v0/collections/latest-daily/items?parameter_code=72019&statistic_id=00003&bbox=-125,24,-66,50&datetime=2024-01-01/2026-08-28&limit=300&f=csv"
USGS-365403112452801,2026-08-26,36.90082,-112.75854,87.08,Provisional,2026-08-27T09:05:28.998672Z,72019,00003,"https://api.waterdata.usgs.gov/ogcapi/v0/collections/latest-daily/items?parameter_code=72019&statistic_id=00003&bbox=-125,24,-66,50&datetime=2024-01-01/2026-08-28&limit=300&f=csv"
USGS-470207114210901,2026-06-01,47.03519,-114.35253,5.21,Provisional,2026-06-25T09:07:25.748018Z,72019,00003,"https://api.waterdata.usgs.gov/ogcapi/v0/collections/latest-daily/items?parameter_code=72019&statistic_id=00003&bbox=-125,24,-66,50&datetime=2024-01-01/2026-08-28&limit=300&f=csv"
USGS-350359106333906,2025-03-03,35.06636,-106.56102,486.91,Approved,2026-03-27T13:49:25.329966Z,72019,00003,"https://api.waterdata.usgs.gov/ogcapi/v0/collections/latest-daily/items?parameter_code=72019&statistic_id=00003&bbox=-125,24,-66,50&datetime=2024-01-01/2026-08-28&limit=300&f=csv"
USGS-302614091083001,2026-05-21,30.43741,-91.14177,164.48,Provisional,2026-06-25T08:05:54.874671Z,72019,00003,"https://api.waterdata.usgs.gov/ogcapi/v0/collections/latest-daily/items?parameter_code=72019&statistic_id=00003&bbox=-125,24,-66,50&datetime=2024-01-01/2026-08-28&limit=300&f=csv"
USGS-354126076314201,2026-08-27,35.69034,-76.52830,1.36,Provisional,2026-08-28T02:01:20.724130Z,72019,00003,"https://api.waterdata.usgs.gov/ogcapi/v0/collections/latest-daily/items?parameter_code=72019&statistic_id=00003&bbox=-125,24,-66,50&datetime=2024-01-01/2026-08-28&limit=300&f=csv"
USGS-430055121401501,2026-08-27,43.01519,-121.67080,22.65,Provisional,2026-08-28T03:29:29.739253Z,72019,00003,"https://api.waterdata.usgs.gov/ogcapi/v0/collections/latest-daily/items?parameter_code=72019&statistic_id=00003&bbox=-125,24,-66,50&datetime=2024-01-01/2026-08-28&limit=300&f=csv"
USGS-301237097464801,2026-08-26,30.21034,-97.78158,195.95,Provisional,2026-08-27T08:07:55.699851Z,72019,00003,"https://api.waterdata.usgs.gov/ogcapi/v0/collections/latest-daily/items?parameter_code=72019&statistic_id=00003&bbox=-125,24,-66,50&datetime=2024-01-01/2026-08-28&limit=300&f=csv"
USGS-393617075380402,2024-04-23,39.60467,-75.63432,-0.82,Approved,2026-03-26T17:34:08.826484Z,72019,00003,"https://api.waterdata.usgs.gov/ogcapi/v0/collections/latest-daily/items?parameter_code=72019&statistic_id=00003&bbox=-125,24,-66,50&datetime=2024-01-01/2026-08-28&limit=300&f=csv"
USGS-352341090213101,2026-08-26,35.39478,-90.35851,27.36,Provisional,2026-08-27T08:10:22.873793Z,72019,00003,"https://api.waterdata.usgs.gov/ogcapi/v0/collections/latest-daily/items?parameter_code=72019&statistic_id=00003&bbox=-125,24,-66,50&datetime=2024-01-01/2026-08-28&limit=300&f=csv"
USGS-415354069585201,2026-08-27,41.89833,-69.98111,12.23,Provisional,2026-08-28T00:12:13.195621Z,72019,00003,"https://api.waterdata.usgs.gov/ogcapi/v0/collections/latest-daily/items?parameter_code=72019&statistic_id=00003&bbox=-125,24,-66,50&datetime=2024-01-01/2026-08-28&limit=300&f=csv"
USGS-313247084005001,2026-08-27,31.54656,-84.01379,62.30,Provisional,2026-08-28T02:48:15.625213Z,72019,00003,"https://api.waterdata.usgs.gov/ogcapi/v0/collections/latest-daily/items?parameter_code=72019&statistic_id=00003&bbox=-125,24,-66,50&datetime=2024-01-01/2026-08-28&limit=300&f=csv"
USGS-400532086183901,2026-08-26,40.09225,-86.31081,53.02,Provisional,2026-08-27T07:07:00.619925Z,72019,00003,"https://api.waterdata.usgs.gov/ogcapi/v0/collections/latest-daily/items?parameter_code=72019&statistic_id=00003&bbox=-125,24,-66,50&datetime=2024-01-01/2026-08-28&limit=300&f=csv"
USGS-395309074352102,2026-08-27,39.88595,-74.58877,96.59,Provisional,2026-08-28T00:34:19.869785Z,72019,00003,"https://api.waterdata.usgs.gov/ogcapi/v0/collections/latest-daily/items?parameter_code=72019&statistic_id=00003&bbox=-125,24,-66,50&datetime=2024-01-01/2026-08-28&limit=300&f=csv"
USGS-334207084254801,2026-08-27,33.70205,-84.42993,7.02,Provisional,2026-08-28T00:52:08.244038Z,72019,00003,"https://api.waterdata.usgs.gov/ogcapi/v0/collections/latest-daily/items?parameter_code=72019&statistic_id=00003&bbox=-125,24,-66,50&datetime=2024-01-01/2026-08-28&limit=300&f=csv"
USGS-384951087202501,2026-08-27,38.83088,-87.34029,13.86,Provisional,2026-08-28T02:09:42.027294Z,72019,00003,"https://api.waterdata.usgs.gov/ogcapi/v0/collections/latest-daily/items?parameter_code=72019&statistic_id=00003&bbox=-125,24,-66,50&datetime=2024-01-01/2026-08-28&limit=300&f=csv"
USGS-394652075100401,2026-05-25,39.78122,-75.16740,111.01,Approved,2026-06-19T07:12:25.294817Z,72019,00003,"https://api.waterdata.usgs.gov/ogcapi/v0/collections/latest-daily/items?parameter_code=72019&statistic_id=00003&bbox=-125,24,-66,50&datetime=2024-01-01/2026-08-28&limit=300&f=csv"
USGS-383730075213501,2026-08-27,38.64364,-75.35961,11.70,Provisional,2026-08-28T00:09:14.688433Z,72019,00003,"https://api.waterdata.usgs.gov/ogcapi/v0/collections/latest-daily/items?parameter_code=72019&statistic_id=00003&bbox=-125,24,-66,50&datetime=2024-01-01/2026-08-28&limit=300&f=csv"
USGS-343534096453701,2026-07-07,34.59287,-96.76057,105.51,Provisional,2026-07-10T08:12:47.465839Z,72019,00003,"https://api.waterdata.usgs.gov/ogcapi/v0/collections/latest-daily/items?parameter_code=72019&statistic_id=00003&bbox=-125,24,-66,50&datetime=2024-01-01/2026-08-28&limit=300&f=csv"
USGS-364935116065401,2026-08-02,36.82644,-116.11576,82.17,Provisional,2026-08-08T10:07:36.315626Z,72019,00003,"https://api.waterdata.usgs.gov/ogcapi/v0/collections/latest-daily/items?parameter_code=72019&statistic_id=00003&bbox=-125,24,-66,50&datetime=2024-01-01/2026-08-28&limit=300&f=csv"
USGS-405520085310801,2025-06-11,40.92222,-85.51889,101.76,Provisional,2026-08-22T03:04:54.639385Z,72019,00003,"https://api.waterdata.usgs.gov/ogcapi/v0/collections/latest-daily/items?parameter_code=72019&statistic_id=00003&bbox=-125,24,-66,50&datetime=2024-01-01/2026-08-28&limit=300&f=csv"
MO005-383550092094201,2026-08-26,38.59714,-92.16186,21.69,Provisional,2026-08-27T08:05:55.511258Z,72019,00003,"https://api.waterdata.usgs.gov/ogcapi/v0/collections/latest-daily/items?parameter_code=72019&statistic_id=00003&bbox=-125,24,-66,50&datetime=2024-01-01/2026-08-28&limit=300&f=csv"
USGS-414202086283801,2025-03-30,41.70056,-86.47722,21.90,Provisional,2026-08-28T03:05:26.126521Z,72019,00003,"https://api.waterdata.usgs.gov/ogcapi/v0/collections/latest-daily/items?parameter_code=72019&statistic_id=00003&bbox=-125,24,-66,50&datetime=2024-01-01/2026-08-28&limit=300&f=csv"
USGS-382038075065901,2026-08-27,38.34397,-75.11592,5.71,Provisional,2026-08-28T02:30:08.835886Z,72019,00003,"https://api.waterdata.usgs.gov/ogcapi/v0/collections/latest-daily/items?parameter_code=72019&statistic_id=00003&bbox=-125,24,-66,50&datetime=2024-01-01/2026-08-28&limit=300&f=csv"
USGS-410501079524401,2026-08-26,41.08383,-79.87911,7.70,Provisional,2026-08-27T07:09:39.321596Z,72019,00003,"https://api.waterdata.usgs.gov/ogcapi/v0/collections/latest-daily/items?parameter_code=72019&statistic_id=00003&bbox=-125,24,-66,50&datetime=2024-01-01/2026-08-28&limit=300&f=csv"
USGS-370504116404903,2026-07-06,37.08432,-116.68132,18.17,Provisional,2026-08-28T03:06:40.650035Z,72019,00003,"https://api.waterdata.usgs.gov/ogcapi/v0/collections/latest-daily/items?parameter_code=72019&statistic_id=00003&bbox=-125,24,-66,50&datetime=2024-01-01/2026-08-28&limit=300&f=csv"
OH015-395830082291700,2026-08-27,39.97503,-82.48790,50.65,Provisional,2026-08-28T02:17:39.948620Z,72019,00003,"https://api.waterdata.usgs.gov/ogcapi/v0/collections/latest-daily/items?parameter_code=72019&statistic_id=00003&bbox=-125,24,-66,50&datetime=2024-01-01/2026-08-28&limit=300&f=csv"
USGS-430913077103101,2026-08-26,43.15358,-77.17533,13.49,Provisional,2026-08-27T07:06:31.583620Z,72019,00003,"https://api.waterdata.usgs.gov/ogcapi/v0/collections/latest-daily/items?parameter_code=72019&statistic_id=00003&bbox=-125,24,-66,50&datetime=2024-01-01/2026-08-28&limit=300&f=csv"
USGS-352515086011702,2026-08-26,35.42091,-86.02137,22.71,Provisional,2026-08-27T08:12:27.105357Z,72019,00003,"https://api.waterdata.usgs.gov/ogcapi/v0/collections/latest-daily/items?parameter_code=72019&statistic_id=00003&bbox=-125,24,-66,50&datetime=2024-01-01/2026-08-28&limit=300&f=csv"
USGS-412916073121701,2026-08-27,41.48777,-73.20426,11.52,Provisional,2026-08-28T03:20:11.212305Z,72019,00003,"https://api.waterdata.usgs.gov/ogcapi/v0/collections/latest-daily/items?parameter_code=72019&statistic_id=00003&bbox=-125,24,-66,50&datetime=2024-01-01/2026-08-28&limit=300&f=csv"
USGS-320845110551201,2026-04-22,32.14591,-110.92065,146.00,Provisional,2026-08-05T02:11:03.267023Z,72019,00003,"https://api.waterdata.usgs.gov/ogcapi/v0/collections/latest-daily/items?parameter_code=72019&statistic_id=00003&bbox=-125,24,-66,50&datetime=2024-01-01/2026-08-28&limit=300&f=csv"
USGS-304406081330502,2026-08-27,30.73524,-81.55121,-7.61,Provisional,2026-08-28T01:30:13.660893Z,72019,00003,"https://api.waterdata.usgs.gov/ogcapi/v0/collections/latest-daily/items?parameter_code=72019&statistic_id=00003&bbox=-125,24,-66,50&datetime=2024-01-01/2026-08-28&limit=300&f=csv"
USGS-325550101381501,2024-05-27,32.93068,-101.63793,23.90,Approved,2026-03-26T20:07:22.473549Z,72019,00003,"https://api.waterdata.usgs.gov/ogcapi/v0/collections/latest-daily/items?parameter_code=72019&statistic_id=00003&bbox=-125,24,-66,50&datetime=2024-01-01/2026-08-28&limit=300&f=csv"
USGS-401105074120205,2026-08-27,40.18484,-74.20014,141.25,Provisional,2026-08-28T00:34:22.109112Z,72019,00003,"https://api.waterdata.usgs.gov/ogcapi/v0/collections/latest-daily/items?parameter_code=72019&statistic_id=00003&bbox=-125,24,-66,50&datetime=2024-01-01/2026-08-28&limit=300&f=csv"
USGS-322343093211501,2026-08-26,32.39543,-93.35434,20.60,Provisional,2026-08-27T08:09:00.735225Z,72019,00003,"https://api.waterdata.usgs.gov/ogcapi/v0/collections/latest-daily/items?parameter_code=72019&statistic_id=00003&bbox=-125,24,-66,50&datetime=2024-01-01/2026-08-28&limit=300&f=csv"
USGS-473425095052302,2026-08-26,47.57373,-95.08968,28.89,Provisional,2026-08-27T08:07:37.274635Z,72019,00003,"https://api.waterdata.usgs.gov/ogcapi/v0/collections/latest-daily/items?parameter_code=72019&statistic_id=00003&bbox=-125,24,-66,50&datetime=2024-01-01/2026-08-28&limit=300&f=csv"
USGS-332221081584602,2026-08-27,33.37253,-81.97953,38.48,Provisional,2026-08-28T01:32:12.383518Z,72019,00003,"https://api.waterdata.usgs.gov/ogcapi/v0/collections/latest-daily/items?parameter_code=72019&statistic_id=00003&bbox=-125,24,-66,50&datetime=2024-01-01/2026-08-28&limit=300&f=csv"
USGS-412149073445601,2026-08-26,41.36372,-73.74875,13.80,Provisional,2026-08-27T07:12:47.361495Z,72019,00003,"https://api.waterdata.usgs.gov/ogcapi/v0/collections/latest-daily/items?parameter_code=72019&statistic_id=00003&bbox=-125,24,-66,50&datetime=2024-01-01/2026-08-28&limit=300&f=csv"
USGS-422103072241103,2026-08-27,42.35092,-72.40258,4.96,Provisional,2026-08-27T23:33:10.749856Z,72019,00003,"https://api.waterdata.usgs.gov/ogcapi/v0/collections/latest-daily/items?parameter_code=72019&statistic_id=00003&bbox=-125,24,-66,50&datetime=2024-01-01/2026-08-28&limit=300&f=csv"
USGS-462148114062801,2025-11-24,46.36326,-114.10871,4.15,Approved,2026-07-16T09:08:31.314974Z,72019,00003,"https://api.waterdata.usgs.gov/ogcapi/v0/collections/latest-daily/items?parameter_code=72019&statistic_id=00003&bbox=-125,24,-66,50&datetime=2024-01-01/2026-08-28&limit=300&f=csv"
USGS-402208074145201,2026-07-12,40.36900,-74.24737,161.27,Provisional,2026-08-21T07:05:59.697456Z,72019,00003,"https://api.waterdata.usgs.gov/ogcapi/v0/collections/latest-daily/items?parameter_code=72019&statistic_id=00003&bbox=-125,24,-66,50&datetime=2024-01-01/2026-08-28&limit=300&f=csv"
USGS-431227075233301,2026-08-26,43.20767,-75.39231,43.49,Provisional,2026-08-27T07:07:27.242063Z,72019,00003,"https://api.waterdata.usgs.gov/ogcapi/v0/collections/latest-daily/items?parameter_code=72019&statistic_id=00003&bbox=-125,24,-66,50&datetime=2024-01-01/2026-08-28&limit=300&f=csv"
USGS-423214087503801,2026-08-16,42.53716,-87.84322,10.84,Provisional,2026-08-28T03:06:32.185210Z,72019,00003,"https://api.waterdata.usgs.gov/ogcapi/v0/collections/latest-daily/items?parameter_code=72019&statistic_id=00003&bbox=-125,24,-66,50&datetime=2024-01-01/2026-08-28&limit=300&f=csv"
USGS-471729114052201,2026-07-22,47.29129,-114.08949,4.69,Provisional,2026-08-07T09:09:15.878344Z,72019,00003,"https://api.waterdata.usgs.gov/ogcapi/v0/collections/latest-daily/items?parameter_code=72019&statistic_id=00003&bbox=-125,24,-66,50&datetime=2024-01-01/2026-08-28&limit=300&f=csv"
USGS-353509078404101,2026-08-27,35.56923,-78.67790,8.86,Provisional,2026-08-28T01:55:14.680338Z,72019,00003,"https://api.waterdata.usgs.gov/ogcapi/v0/collections/latest-daily/items?parameter_code=72019&statistic_id=00003&bbox=-125,24,-66,50&datetime=2024-01-01/2026-08-28&limit=300&f=csv"
USGS-400247086482101,2024-03-27,40.04642,-86.80582,43.62,Provisional,2026-03-26T17:17:44.936201Z,72019,00003,"https://api.waterdata.usgs.gov/ogcapi/v0/collections/latest-daily/items?parameter_code=72019&statistic_id=00003&bbox=-125,24,-66,50&datetime=2024-01-01/2026-08-28&limit=300&f=csv"
USGS-401934089541705,2026-08-27,40.32622,-89.90472,4.24,Provisional,2026-08-28T02:06:27.768889Z,72019,00003,"https://api.waterdata.usgs.gov/ogcapi/v0/collections/latest-daily/items?parameter_code=72019&statistic_id=00003&bbox=-125,24,-66,50&datetime=2024-01-01/2026-08-28&limit=300&f=csv"
USGS-322323106314701,2026-08-26,32.38972,-106.53028,75.50,Provisional,2026-08-27T09:04:40.331924Z,72019,00003,"https://api.waterdata.usgs.gov/ogcapi/v0/collections/latest-daily/items?parameter_code=72019&statistic_id=00003&bbox=-125,24,-66,50&datetime=2024-01-01/2026-08-28&limit=300&f=csv"
USGS-313253081433503,2026-08-02,31.54800,-81.72650,56.54,Provisional,2026-08-06T07:17:05.071250Z,72019,00003,"https://api.waterdata.usgs.gov/ogcapi/v0/collections/latest-daily/items?parameter_code=72019&statistic_id=00003&bbox=-125,24,-66,50&datetime=2024-01-01/2026-08-28&limit=300&f=csv"
USGS-395229074571201,2026-05-19,39.87484,-74.95294,209.82,Approved,2026-06-12T07:12:42.721731Z,72019,00003,"https://api.waterdata.usgs.gov/ogcapi/v0/collections/latest-daily/items?parameter_code=72019&statistic_id=00003&bbox=-125,24,-66,50&datetime=2024-01-01/2026-08-28&limit=300&f=csv"
USGS-345650106415902,2026-07-15,34.94729,-106.69993,11.65,Provisional,2026-07-19T09:08:26.180568Z,72019,00003,"https://api.waterdata.usgs.gov/ogcapi/v0/collections/latest-daily/items?parameter_code=72019&statistic_id=00003&bbox=-125,24,-66,50&datetime=2024-01-01/2026-08-28&limit=300&f=csv"
USGS-324729079472001,2026-01-13,32.79119,-79.92753,0.00,Provisional,2026-05-27T07:05:54.293254Z,72019,00003,"https://api.waterdata.usgs.gov/ogcapi/v0/collections/latest-daily/items?parameter_code=72019&statistic_id=00003&bbox=-125,24,-66,50&datetime=2024-01-01/2026-08-28&limit=300&f=csv"
USGS-382427107491401,2024-06-26,38.40750,-107.82056,4.77,Provisional,2026-08-28T03:06:44.091697Z,72019,00003,"https://api.waterdata.usgs.gov/ogcapi/v0/collections/latest-daily/items?parameter_code=72019&statistic_id=00003&bbox=-125,24,-66,50&datetime=2024-01-01/2026-08-28&limit=300&f=csv"
USGS-414831072173002,2026-08-27,41.80853,-72.29211,19.06,Provisional,2026-08-28T00:20:10.196825Z,72019,00003,"https://api.waterdata.usgs.gov/ogcapi/v0/collections/latest-daily/items?parameter_code=72019&statistic_id=00003&bbox=-125,24,-66,50&datetime=2024-01-01/2026-08-28&limit=300&f=csv"
USGS-412541081194500,2026-07-22,41.42811,-81.33189,57.96,Provisional,2026-08-28T02:02:18.387813Z,72019,00003,"https://api.waterdata.usgs.gov/ogcapi/v0/collections/latest-daily/items?parameter_code=72019&statistic_id=00003&bbox=-125,24,-66,50&datetime=2024-01-01/2026-08-28&limit=300&f=csv"
USGS-415453070434901,2026-08-27,41.91492,-70.72977,25.33,Provisional,2026-08-28T00:43:21.933520Z,72019,00003,"https://api.waterdata.usgs.gov/ogcapi/v0/collections/latest-daily/items?parameter_code=72019&statistic_id=00003&bbox=-125,24,-66,50&datetime=2024-01-01/2026-08-28&limit=300&f=csv"
USGS-401528119470501,2026-08-26,40.25534,-119.78586,253.09,Provisional,2026-08-27T10:04:44.658620Z,72019,00003,"https://api.waterdata.usgs.gov/ogcapi/v0/collections/latest-daily/items?parameter_code=72019&statistic_id=00003&bbox=-125,24,-66,50&datetime=2024-01-01/2026-08-28&limit=300&f=csv"
USGS-412825072410501,2026-08-27,41.47271,-72.68391,10.50,Provisional,2026-08-28T03:25:17.003337Z,72019,00003,"https://api.waterdata.usgs.gov/ogcapi/v0/collections/latest-daily/items?parameter_code=72019&statistic_id=00003&bbox=-125,24,-66,50&datetime=2024-01-01/2026-08-28&limit=300&f=csv"
USGS-415956073241501,2024-09-30,41.99904,-73.40386,15.48,Provisional,2026-03-27T13:11:46.592405Z,72019,00003,"https://api.waterdata.usgs.gov/ogcapi/v0/collections/latest-daily/items?parameter_code=72019&statistic_id=00003&bbox=-125,24,-66,50&datetime=2024-01-01/2026-08-28&limit=300&f=csv"
USGS-425511074254001,2026-08-26,42.91975,-74.42792,34.53,Provisional,2026-08-27T07:07:13.959631Z,72019,00003,"https://api.waterdata.usgs.gov/ogcapi/v0/collections/latest-daily/items?parameter_code=72019&statistic_id=00003&bbox=-125,24,-66,50&datetime=2024-01-01/2026-08-28&limit=300&f=csv"
USGS-421948074483702,2026-08-26,42.32994,-74.81017,2.60,Provisional,2026-08-27T07:07:13.775585Z,72019,00003,"https://api.waterdata.usgs.gov/ogcapi/v0/collections/latest-daily/items?parameter_code=72019&statistic_id=00003&bbox=-125,24,-66,50&datetime=2024-01-01/2026-08-28&limit=300&f=csv"
USGS-400210074031001,2026-07-13,40.03636,-74.05236,76.75,Provisional,2026-07-24T07:18:18.637756Z,72019,00003,"https://api.waterdata.usgs.gov/ogcapi/v0/collections/latest-daily/items?parameter_code=72019&statistic_id=00003&bbox=-125,24,-66,50&datetime=2024-01-01/2026-08-28&limit=300&f=csv"
USGS-423143076582601,2026-08-26,42.52881,-76.97400,5.37,Provisional,2026-08-27T07:20:27.542647Z,72019,00003,"https://api.waterdata.usgs.gov/ogcapi/v0/collections/latest-daily/items?parameter_code=72019&statistic_id=00003&bbox=-125,24,-66,50&datetime=2024-01-01/2026-08-28&limit=300&f=csv"
USGS-395525074502601,2026-08-27,39.92345,-74.83989,110.44,Provisional,2026-08-28T00:33:22.172697Z,72019,00003,"https://api.waterdata.usgs.gov/ogcapi/v0/collections/latest-daily/items?parameter_code=72019&statistic_id=00003&bbox=-125,24,-66,50&datetime=2024-01-01/2026-08-28&limit=300&f=csv"
USGS-343144080184001,2026-08-27,34.52894,-80.31130,52.47,Provisional,2026-08-28T01:26:17.191700Z,72019,00003,"https://api.waterdata.usgs.gov/ogcapi/v0/collections/latest-daily/items?parameter_code=72019&statistic_id=00003&bbox=-125,24,-66,50&datetime=2024-01-01/2026-08-28&limit=300&f=csv"
USGS-411802073593001,2026-08-26,41.30064,-73.99125,16.42,Provisional,2026-08-27T07:10:36.880858Z,72019,00003,"https://api.waterdata.usgs.gov/ogcapi/v0/collections/latest-daily/items?parameter_code=72019&statistic_id=00003&bbox=-125,24,-66,50&datetime=2024-01-01/2026-08-28&limit=300&f=csv"
USGS-341618114024701,2026-03-11,34.27171,-114.04710,11.08,Provisional,2026-08-28T03:06:05.486603Z,72019,00003,"https://api.waterdata.usgs.gov/ogcapi/v0/collections/latest-daily/items?parameter_code=72019&statistic_id=00003&bbox=-125,24,-66,50&datetime=2024-01-01/2026-08-28&limit=300&f=csv"
MO005-384258091243001,2026-08-26,38.71614,-91.40850,19.90,Provisional,2026-08-27T08:07:10.835923Z,72019,00003,"https://api.waterdata.usgs.gov/ogcapi/v0/collections/latest-daily/items?parameter_code=72019&statistic_id=00003&bbox=-125,24,-66,50&datetime=2024-01-01/2026-08-28&limit=300&f=csv"
USGS-423441072170701,2026-08-27,42.57814,-72.28481,8.03,Provisional,2026-08-28T00:05:22.103946Z,72019,00003,"https://api.waterdata.usgs.gov/ogcapi/v0/collections/latest-daily/items?parameter_code=72019&statistic_id=00003&bbox=-125,24,-66,50&datetime=2024-01-01/2026-08-28&limit=300&f=csv"
USGS-365236112442501,2026-08-26,36.87665,-112.74104,88.99,Provisional,2026-08-27T09:09:13.521169Z,72019,00003,"https://api.waterdata.usgs.gov/ogcapi/v0/collections/latest-daily/items?parameter_code=72019&statistic_id=00003&bbox=-125,24,-66,50&datetime=2024-01-01/2026-08-28&limit=300&f=csv"
USGS-392527085005201,2025-03-20,39.42417,-85.01444,21.22,Approved,2026-08-01T02:24:16.714748Z,72019,00003,"https://api.waterdata.usgs.gov/ogcapi/v0/collections/latest-daily/items?parameter_code=72019&statistic_id=00003&bbox=-125,24,-66,50&datetime=2024-01-01/2026-08-28&limit=300&f=csv"
USGS-404639074230001,2026-08-27,40.77760,-74.38293,42.26,Provisional,2026-08-28T00:50:13.649770Z,72019,00003,"https://api.waterdata.usgs.gov/ogcapi/v0/collections/latest-daily/items?parameter_code=72019&statistic_id=00003&bbox=-125,24,-66,50&datetime=2024-01-01/2026-08-28&limit=300&f=csv"
USGS-332808083010201,2026-08-27,33.46902,-83.01709,4.04,Provisional,2026-08-28T00:52:08.814526Z,72019,00003,"https://api.waterdata.usgs.gov/ogcapi/v0/collections/latest-daily/items?parameter_code=72019&statistic_id=00003&bbox=-125,24,-66,50&datetime=2024-01-01/2026-08-28&limit=300&f=csv"
USGS-310651084404501,2026-08-27,31.11435,-84.67881,38.23,Provisional,2026-08-28T00:46:10.526298Z,72019,00003,"https://api.waterdata.usgs.gov/ogcapi/v0/collections/latest-daily/items?parameter_code=72019&statistic_id=00003&bbox=-125,24,-66,50&datetime=2024-01-01/2026-08-28&limit=300&f=csv"
USGS-415104121232901,2026-07-06,41.85125,-121.39269,50.60,Provisional,2026-08-04T10:06:43.216495Z,72019,00003,"https://api.waterdata.usgs.gov/ogcapi/v0/collections/latest-daily/items?parameter_code=72019&statistic_id=00003&bbox=-125,24,-66,50&datetime=2024-01-01/2026-08-28&limit=300&f=csv"
USGS-382305085381701,2025-06-16,38.38472,-85.63806,38.65,Provisional,2026-03-26T15:46:16.614652Z,72019,00003,"https://api.waterdata.usgs.gov/ogcapi/v0/collections/latest-daily/items?parameter_code=72019&statistic_id=00003&bbox=-125,24,-66,50&datetime=2024-01-01/2026-08-28&limit=300&f=csv"
USGS-354731106072003,2026-07-12,35.79194,-106.12222,200.84,Approved,2026-07-23T09:07:41.990912Z,72019,00003,"https://api.waterdata.usgs.gov/ogcapi/v0/collections/latest-daily/items?parameter_code=72019&statistic_id=00003&bbox=-125,24,-66,50&datetime=2024-01-01/2026-08-28&limit=300&f=csv"
USGS-382009085382901,2026-05-17,38.33597,-85.64137,38.23,Provisional,2026-05-28T07:45:47.233077Z,72019,00003,"https://api.waterdata.usgs.gov/ogcapi/v0/collections/latest-daily/items?parameter_code=72019&statistic_id=00003&bbox=-125,24,-66,50&datetime=2024-01-01/2026-08-28&limit=300&f=csv"
USGS-412932071374302,2026-08-27,41.49232,-71.62812,7.34,Provisional,2026-08-27T23:33:12.875521Z,72019,00003,"https://api.waterdata.usgs.gov/ogcapi/v0/collections/latest-daily/items?parameter_code=72019&statistic_id=00003&bbox=-125,24,-66,50&datetime=2024-01-01/2026-08-28&limit=300&f=csv"
USGS-425048073472501,2026-08-26,42.84639,-73.79081,2.97,Provisional,2026-08-27T07:05:06.575745Z,72019,00003,"https://api.waterdata.usgs.gov/ogcapi/v0/collections/latest-daily/items?parameter_code=72019&statistic_id=00003&bbox=-125,24,-66,50&datetime=2024-01-01/2026-08-28&limit=300&f=csv"
MO005-371435093134701,2026-08-26,37.24142,-93.23178,358.41,Provisional,2026-08-27T08:06:33.597527Z,72019,00003,"https://api.waterdata.usgs.gov/ogcapi/v0/collections/latest-daily/items?parameter_code=72019&statistic_id=00003&bbox=-125,24,-66,50&datetime=2024-01-01/2026-08-28&limit=300&f=csv"
USGS-382031085382001,2026-08-10,38.34203,-85.63887,39.92,Provisional,2026-08-18T07:05:44.504961Z,72019,00003,"https://api.waterdata.usgs.gov/ogcapi/v0/collections/latest-daily/items?parameter_code=72019&statistic_id=00003&bbox=-125,24,-66,50&datetime=2024-01-01/2026-08-28&limit=300&f=csv"
USGS-402553074271701,2026-08-27,40.43205,-74.45487,16.73,Provisional,2026-08-28T00:35:17.801773Z,72019,00003,"https://api.waterdata.usgs.gov/ogcapi/v0/collections/latest-daily/items?parameter_code=72019&statistic_id=00003&bbox=-125,24,-66,50&datetime=2024-01-01/2026-08-28&limit=300&f=csv"
USGS-401308085394101,2025-06-18,40.21889,-85.66139,-1.81,Provisional,2026-03-26T17:33:11.596504Z,72019,00003,"https://api.waterdata.usgs.gov/ogcapi/v0/collections/latest-daily/items?parameter_code=72019&statistic_id=00003&bbox=-125,24,-66,50&datetime=2024-01-01/2026-08-28&limit=300&f=csv"
USGS-410538080280801,2026-08-26,41.09369,-80.46869,17.38,Provisional,2026-08-27T07:10:58.430412Z,72019,00003,"https://api.waterdata.usgs.gov/ogcapi/v0/collections/latest-daily/items?parameter_code=72019&statistic_id=00003&bbox=-125,24,-66,50&datetime=2024-01-01/2026-08-28&limit=300&f=csv"
USGS-420212095235701,2026-08-27,42.03664,-95.39922,25.33,Provisional,2026-08-27T22:42:12.825548Z,72019,00003,"https://api.waterdata.usgs.gov/ogcapi/v0/collections/latest-daily/items?parameter_code=72019&statistic_id=00003&bbox=-125,24,-66,50&datetime=2024-01-01/2026-08-28&limit=300&f=csv"
USGS-413428074085701,2026-08-26,41.57436,-74.14928,5.61,Provisional,2026-08-27T07:10:37.365440Z,72019,00003,"https://api.waterdata.usgs.gov/ogcapi/v0/collections/latest-daily/items?parameter_code=72019&statistic_id=00003&bbox=-125,24,-66,50&datetime=2024-01-01/2026-08-28&limit=300&f=csv"
USGS-314601110120902,2026-04-12,31.76711,-110.20319,17.47,Provisional,2026-07-10T09:05:37.836644Z,72019,00003,"https://api.waterdata.usgs.gov/ogcapi/v0/collections/latest-daily/items?parameter_code=72019&statistic_id=00003&bbox=-125,24,-66,50&datetime=2024-01-01/2026-08-28&limit=300&f=csv"
USGS-344000081250011,2026-08-27,34.67430,-81.41510,93.95,Provisional,2026-08-28T01:57:12.136171Z,72019,00003,"https://api.waterdata.usgs.gov/ogcapi/v0/collections/latest-daily/items?parameter_code=72019&statistic_id=00003&bbox=-125,24,-66,50&datetime=2024-01-01/2026-08-28&limit=300&f=csv"
USGS-310835081294501,2026-08-03,31.14306,-81.49583,-27.82,Approved,2026-08-13T07:07:46.023289Z,72019,00003,"https://api.waterdata.usgs.gov/ogcapi/v0/collections/latest-daily/items?parameter_code=72019&statistic_id=00003&bbox=-125,24,-66,50&datetime=2024-01-01/2026-08-28&limit=300&f=csv"
USGS-405808074583001,2026-08-27,40.96899,-74.97462,4.98,Provisional,2026-08-28T00:33:17.128930Z,72019,00003,"https://api.waterdata.usgs.gov/ogcapi/v0/collections/latest-daily/items?parameter_code=72019&statistic_id=00003&bbox=-125,24,-66,50&datetime=2024-01-01/2026-08-28&limit=300&f=csv"
USGS-354616081085101,2026-08-27,35.77105,-81.14735,41.28,Provisional,2026-08-28T01:50:13.452970Z,72019,00003,"https://api.waterdata.usgs.gov/ogcapi/v0/collections/latest-daily/items?parameter_code=72019&statistic_id=00003&bbox=-125,24,-66,50&datetime=2024-01-01/2026-08-28&limit=300&f=csv"
