year,state,state_name,unique_events,detail_records,deaths,injuries,damage_usd,event_types
2021,AL,Alabama,1186,1186,22,95,9084900,Cold/Wind Chill | Excessive Heat | Flash Flood | Flood | Frost/Freeze | Funnel Cloud | Hail | Heat | Heavy Rain | Heavy Snow | High Wind | Ice Storm | Lightning | Rip Current | Storm Surge/Tide | Strong Wind | Thunderstorm Wind | Tornado | Tropical Depression | Tropical Storm | Winter Storm | Winter Weather
2021,AR,Arkansas,982,982,3,9,31699500,Cold/Wind Chill | Drought | Excessive Heat | Flash Flood | Flood | Funnel Cloud | Hail | Heat | Heavy Rain | Heavy Snow | Ice Storm | Lightning | Sleet | Strong Wind | Thunderstorm Wind | Tornado | Tropical Depression | Winter Storm | Winter Weather
2021,AZ,Arizona,1301,1301,348,26,105035050,Cold/Wind Chill | Debris Flow | Dense Fog | Drought | Dust Storm | Excessive Heat | Flash Flood | Flood | Funnel Cloud | Hail | Heat | Heavy Rain | Heavy Snow | High Wind | Ice Storm | Lightning | Strong Wind | Thunderstorm Wind | Tornado | Wildfire | Winter Storm | Winter Weather
2021,CA,California,2820,2820,41,47,300392800,Astronomical Low Tide | Avalanche | Blizzard | Coastal Flood | Cold/Wind Chill | Debris Flow | Dense Fog | Drought | Dust Storm | Excessive Heat | Flash Flood | Flood | Frost/Freeze | Funnel Cloud | Hail | Heat | Heavy Rain | Heavy Snow | High Surf | High Wind | Lake-Effect Snow | Lightning | Rip Current | Sneakerwave | Strong Wind | Thunderstorm Wind | Tornado | Wildfire | Winter Storm | Winter Weather
2021,CO,Colorado,1844,1844,18,33,2160873910,Avalanche | Blizzard | Debris Flow | Dense Fog | Drought | Dust Storm | Excessive Heat | Extreme Cold/Wind Chill | Flash Flood | Flood | Frost/Freeze | Funnel Cloud | Hail | Heat | Heavy Rain | Heavy Snow | High Wind | Lightning | Strong Wind | Thunderstorm Wind | Tornado | Wildfire | Winter Storm | Winter Weather
2021,CT,Connecticut,303,303,1,2,7720810,Cold/Wind Chill | Flash Flood | Flood | Hail | Heat | Heavy Rain | Heavy Snow | High Wind | Strong Wind | Thunderstorm Wind | Tornado | Tropical Depression | Tropical Storm | Winter Storm | Winter Weather
2021,DC,District of Columbia,49,49,0,5,742000,Coastal Flood | Flash Flood | Flood | Heat | Ice Storm | Thunderstorm Wind | Tornado | Winter Weather
2021,DE,Delaware,97,97,0,2,3600000,Coastal Flood | Excessive Heat | Flash Flood | Funnel Cloud | Hail | High Wind | Lightning | Thunderstorm Wind | Tornado | Winter Weather
2021,FL,Florida,920,920,35,32,48856420,Coastal Flood | Flash Flood | Flood | Frost/Freeze | Funnel Cloud | Hail | Heavy Rain | High Surf | High Wind | Lightning | Rip Current | Storm Surge/Tide | Strong Wind | Thunderstorm Wind | Tornado | Tropical Depression | Tropical Storm | Wildfire
2021,GA,Georgia,847,847,4,33,39121330,Coastal Flood | Debris Flow | Flash Flood | Flood | Funnel Cloud | Hail | Heavy Rain | Heavy Snow | Lightning | Rip Current | Strong Wind | Thunderstorm Wind | Tornado | Tropical Depression | Tropical Storm | Wildfire | Winter Storm | Winter Weather
2021,IA,Iowa,1786,1786,3,3,48104400,Blizzard | Cold/Wind Chill | Drought | Extreme Cold/Wind Chill | Flash Flood | Flood | Funnel Cloud | Hail | Heavy Rain | Heavy Snow | High Wind | Lightning | Thunderstorm Wind | Tornado | Winter Storm | Winter Weather
2021,ID,Idaho,390,390,12,38,6159600,Avalanche | Cold/Wind Chill | Debris Flow | Dust Storm | Excessive Heat | Flash Flood | Flood | Funnel Cloud | Hail | Heat | Heavy Rain | Heavy Snow | High Wind | Lightning | Strong Wind | Thunderstorm Wind | Wildfire | Winter Storm | Winter Weather
2021,IL,Illinois,1618,1618,21,21,39125000,Cold/Wind Chill | Dense Fog | Drought | Excessive Heat | Extreme Cold/Wind Chill | Flash Flood | Flood | Frost/Freeze | Funnel Cloud | Hail | Heat | Heavy Rain | Heavy Snow | High Wind | Ice Storm | Lakeshore Flood | Lightning | Rip Current | Strong Wind | Thunderstorm Wind | Tornado | Winter Storm | Winter Weather
2021,IN,Indiana,981,981,5,23,54792000,Cold/Wind Chill | Dense Fog | Flash Flood | Flood | Frost/Freeze | Funnel Cloud | Hail | Heat | Heavy Rain | Heavy Snow | High Wind | Ice Storm | Lightning | Strong Wind | Thunderstorm Wind | Tornado | Wildfire | Winter Storm | Winter Weather
2021,KS,Kansas,1962,1962,6,9,13674650,Drought | Dust Storm | Excessive Heat | Extreme Cold/Wind Chill | Flash Flood | Flood | Frost/Freeze | Funnel Cloud | Hail | Heavy Rain | Heavy Snow | High Wind | Lightning | Strong Wind | Thunderstorm Wind | Tornado | Wildfire | Winter Storm | Winter Weather
2021,KY,Kentucky,1627,1627,85,625,13159430,Cold/Wind Chill | Debris Flow | Dense Fog | Flash Flood | Flood | Frost/Freeze | Funnel Cloud | Hail | Heat | Heavy Rain | Heavy Snow | High Wind | Ice Storm | Lightning | Sleet | Strong Wind | Thunderstorm Wind | Tornado | Winter Storm | Winter Weather
2021,LA,Louisiana,784,784,42,12,12661784600,Astronomical Low Tide | Coastal Flood | Cold/Wind Chill | Drought | Excessive Heat | Flash Flood | Flood | Funnel Cloud | Hail | Heat | Heavy Rain | Heavy Snow | High Wind | Hurricane (Typhoon) | Ice Storm | Lightning | Sleet | Storm Surge/Tide | Strong Wind | Thunderstorm Wind | Tornado | Tropical Storm | Winter Storm | Winter Weather
2021,MA,Massachusetts,585,585,1,4,9373340,Coastal Flood | Cold/Wind Chill | Extreme Cold/Wind Chill | Flash Flood | Flood | Hail | Heat | Heavy Snow | High Wind | Lightning | Strong Wind | Thunderstorm Wind | Tornado | Tropical Storm | Wildfire | Winter Storm | Winter Weather
2021,MD,Maryland,1103,1103,6,9,11449000,Coastal Flood | Dense Fog | Excessive Heat | Flash Flood | Flood | Frost/Freeze | Funnel Cloud | Hail | Heat | Heavy Rain | High Wind | Ice Storm | Lightning | Rip Current | Thunderstorm Wind | Tornado | Tropical Storm | Winter Storm | Winter Weather
2021,ME,Maine,323,323,3,0,5283000,Coastal Flood | Dense Fog | Drought | Extreme Cold/Wind Chill | Flash Flood | Flood | Funnel Cloud | Hail | Heat | Heavy Snow | High Wind | Strong Wind | Thunderstorm Wind | Winter Storm | Winter Weather
2021,MI,Michigan,964,964,3,19,185804800,Cold/Wind Chill | Extreme Cold/Wind Chill | Flash Flood | Flood | Funnel Cloud | Hail | Heavy Rain | Heavy Snow | High Wind | Lake-Effect Snow | Lakeshore Flood | Lightning | Strong Wind | Thunderstorm Wind | Tornado | Wildfire | Winter Storm | Winter Weather
2021,MN,Minnesota,1451,1451,11,21,43359900,Blizzard | Cold/Wind Chill | Dense Fog | Drought | Excessive Heat | Extreme Cold/Wind Chill | Flash Flood | Flood | Frost/Freeze | Funnel Cloud | Hail | Heavy Rain | Heavy Snow | High Wind | Lightning | Rip Current | Strong Wind | Thunderstorm Wind | Tornado | Wildfire | Winter Storm | Winter Weather
2021,MO,Missouri,1646,1646,10,50,20642000,Cold/Wind Chill | Dense Fog | Excessive Heat | Extreme Cold/Wind Chill | Flash Flood | Flood | Frost/Freeze | Funnel Cloud | Hail | Heat | Heavy Rain | Heavy Snow | High Wind | Lightning | Strong Wind | Thunderstorm Wind | Tornado | Winter Storm | Winter Weather
2021,MS,Mississippi,1165,1165,7,18,50265600,Coastal Flood | Cold/Wind Chill | Debris Flow | Drought | Excessive Heat | Flash Flood | Flood | Hail | Heat | Heavy Rain | Heavy Snow | Hurricane (Typhoon) | Ice Storm | Lightning | Sleet | Storm Surge/Tide | Strong Wind | Thunderstorm Wind | Tornado | Tropical Depression | Tropical Storm | Winter Storm | Winter Weather
2021,MT,Montana,1424,1424,6,11,7012000,Avalanche | Blizzard | Cold/Wind Chill | Debris Flow | Dense Fog | Drought | Extreme Cold/Wind Chill | Flash Flood | Flood | Funnel Cloud | Hail | Heat | Heavy Rain | Heavy Snow | High Wind | Strong Wind | Thunderstorm Wind | Tornado | Wildfire | Winter Storm | Winter Weather
2021,NC,North Carolina,904,904,13,30,221115400,Astronomical Low Tide | Coastal Flood | Cold/Wind Chill | Debris Flow | Drought | Flash Flood | Flood | Hail | Heavy Rain | Heavy Snow | High Wind | Ice Storm | Lightning | Rip Current | Thunderstorm Wind | Tornado | Tropical Storm | Wildfire | Winter Storm | Winter Weather
2021,ND,North Dakota,1196,1196,0,0,10231000,Blizzard | Cold/Wind Chill | Drought | Extreme Cold/Wind Chill | Flash Flood | Freezing Fog | Frost/Freeze | Funnel Cloud | Hail | Heavy Snow | High Wind | Thunderstorm Wind | Tornado
2021,NE,Nebraska,1611,1611,0,3,167541000,Blizzard | Drought | Dust Storm | Extreme Cold/Wind Chill | Flash Flood | Flood | Funnel Cloud | Hail | Heavy Rain | Heavy Snow | High Wind | Thunderstorm Wind | Tornado | Wildfire | Winter Storm | Winter Weather
2021,NH,New Hampshire,211,211,1,3,5716000,Avalanche | Coastal Flood | Drought | Flash Flood | Flood | Hail | Heavy Snow | High Wind | Strong Wind | Thunderstorm Wind | Winter Storm
2021,NJ,New Jersey,962,962,31,28,238555500,Coastal Flood | Excessive Heat | Flash Flood | Flood | Funnel Cloud | Hail | Heavy Snow | High Wind | Lightning | Rip Current | Strong Wind | Thunderstorm Wind | Tornado | Wildfire | Winter Storm | Winter Weather
2021,NM,New Mexico,1300,1300,6,17,24024000,Blizzard | Cold/Wind Chill | Drought | Dust Storm | Excessive Heat | Extreme Cold/Wind Chill | Flash Flood | Flood | Funnel Cloud | Hail | Heavy Rain | Heavy Snow | High Wind | Lightning | Strong Wind | Thunderstorm Wind | Tornado | Wildfire | Winter Storm | Winter Weather
2021,NV,Nevada,450,450,13,4,3498000,Avalanche | Cold/Wind Chill | Dust Storm | Excessive Heat | Flash Flood | Flood | Funnel Cloud | Hail | Heat | Heavy Rain | Heavy Snow | High Wind | Lake-Effect Snow | Lightning | Strong Wind | Thunderstorm Wind | Tornado | Wildfire | Winter Storm | Winter Weather
2021,NY,New York,2395,2395,22,11,522437000,Cold/Wind Chill | Debris Flow | Excessive Heat | Flash Flood | Flood | Funnel Cloud | Hail | Heat | Heavy Rain | Heavy Snow | High Wind | Ice Storm | Lake-Effect Snow | Lakeshore Flood | Lightning | Rip Current | Strong Wind | Thunderstorm Wind | Tornado | Tropical Storm | Winter Storm | Winter Weather
2021,OH,Ohio,1072,1072,8,12,9467700,Cold/Wind Chill | Flash Flood | Flood | Funnel Cloud | Hail | Heavy Rain | Heavy Snow | High Wind | Lake-Effect Snow | Strong Wind | Thunderstorm Wind | Tornado | Winter Storm | Winter Weather
2021,OK,Oklahoma,1324,1324,3,47,7908000,Cold/Wind Chill | Drought | Dust Storm | Excessive Heat | Extreme Cold/Wind Chill | Flash Flood | Flood | Freezing Fog | Hail | Heat | Heavy Snow | High Wind | Strong Wind | Thunderstorm Wind | Tornado | Wildfire | Winter Storm | Winter Weather
2021,OR,Oregon,391,391,134,4,26467700,Blizzard | Coastal Flood | Debris Flow | Excessive Heat | Flood | Frost/Freeze | Funnel Cloud | Hail | Heat | Heavy Snow | High Surf | High Wind | Ice Storm | Sneakerwave | Strong Wind | Thunderstorm Wind | Wildfire | Winter Storm | Winter Weather
2021,PA,Pennsylvania,2250,2250,9,16,402399950,Coastal Flood | Excessive Heat | Flash Flood | Flood | Frost/Freeze | Funnel Cloud | Hail | Heavy Rain | Heavy Snow | High Wind | Ice Storm | Lake-Effect Snow | Lightning | Strong Wind | Thunderstorm Wind | Tornado | Wildfire | Winter Storm | Winter Weather
2021,RI,Rhode Island,72,72,2,0,2145300,Flash Flood | Flood | Hail | Heavy Snow | High Wind | Rip Current | Strong Wind | Thunderstorm Wind | Tornado | Tropical Storm | Winter Storm
2021,SC,South Carolina,465,465,2,2,2624080,Coastal Flood | Excessive Heat | Flash Flood | Flood | Funnel Cloud | Hail | Heavy Snow | Lightning | Rip Current | Strong Wind | Thunderstorm Wind | Tornado | Tropical Depression | Tropical Storm | Wildfire | Winter Weather
2021,SD,South Dakota,1860,1860,4,8,117961000,Blizzard | Cold/Wind Chill | Dense Fog | Drought | Extreme Cold/Wind Chill | Flash Flood | Flood | Freezing Fog | Funnel Cloud | Hail | Heavy Rain | Heavy Snow | High Wind | Lightning | Thunderstorm Wind | Tornado | Wildfire | Winter Storm | Winter Weather
2021,TN,Tennessee,1285,1285,40,59,192481780,Cold/Wind Chill | Debris Flow | Excessive Heat | Flash Flood | Flood | Frost/Freeze | Funnel Cloud | Hail | Heat | Heavy Rain | Heavy Snow | High Wind | Ice Storm | Lightning | Strong Wind | Thunderstorm Wind | Tornado | Winter Storm | Winter Weather
2021,TX,Texas,4623,4623,153,139,1852147370,Astronomical Low Tide | Coastal Flood | Cold/Wind Chill | Dense Fog | Drought | Dust Storm | Excessive Heat | Extreme Cold/Wind Chill | Flash Flood | Flood | Frost/Freeze | Funnel Cloud | Hail | Heat | Heavy Rain | Heavy Snow | High Wind | Hurricane (Typhoon) | Ice Storm | Lightning | Rip Current | Storm Surge/Tide | Strong Wind | Thunderstorm Wind | Tornado | Tropical Storm | Wildfire | Winter Storm | Winter Weather
2021,UT,Utah,546,546,16,18,25553200,Avalanche | Debris Flow | Dense Fog | Drought | Dust Storm | Excessive Heat | Flash Flood | Flood | Frost/Freeze | Funnel Cloud | Hail | Heat | Heavy Rain | Heavy Snow | High Wind | Lightning | Thunderstorm Wind | Tornado | Wildfire | Winter Storm | Winter Weather
2021,VA,Virginia,2301,2301,3,15,15414500,Coastal Flood | Cold/Wind Chill | Debris Flow | Dense Fog | Drought | Flash Flood | Flood | Frost/Freeze | Funnel Cloud | Hail | Heat | Heavy Rain | Heavy Snow | High Wind | Ice Storm | Lightning | Rip Current | Strong Wind | Thunderstorm Wind | Tornado | Tropical Storm | Winter Storm | Winter Weather
2021,VT,Vermont,350,350,2,3,7786000,Cold/Wind Chill | Extreme Cold/Wind Chill | Flash Flood | Flood | Hail | Heat | High Wind | Lightning | Strong Wind | Thunderstorm Wind | Tornado | Winter Storm | Winter Weather
2021,WA,Washington,381,381,20,17,85214100,Avalanche | Blizzard | Coastal Flood | Cold/Wind Chill | Debris Flow | Dust Storm | Excessive Heat | Extreme Cold/Wind Chill | Flood | Frost/Freeze | Hail | Heat | Heavy Rain | Heavy Snow | High Surf | High Wind | Ice Storm | Rip Current | Strong Wind | Thunderstorm Wind | Tornado | Wildfire | Winter Storm | Winter Weather
2021,WI,Wisconsin,1165,1165,16,67,12253200,Cold/Wind Chill | Dense Fog | Drought | Extreme Cold/Wind Chill | Flash Flood | Flood | Funnel Cloud | Hail | Heavy Rain | Heavy Snow | High Surf | High Wind | Lakeshore Flood | Lightning | Rip Current | Strong Wind | Thunderstorm Wind | Tornado | Wildfire | Winter Storm | Winter Weather
2021,WV,West Virginia,860,860,1,2,3964560,Astronomical Low Tide | Cold/Wind Chill | Debris Flow | Dense Fog | Flash Flood | Flood | Frost/Freeze | Hail | Heat | Heavy Rain | Heavy Snow | High Wind | Ice Storm | Strong Wind | Thunderstorm Wind | Tornado | Winter Storm | Winter Weather
2021,WY,Wyoming,946,946,5,2,2959000,Avalanche | Blizzard | Cold/Wind Chill | Drought | Excessive Heat | Extreme Cold/Wind Chill | Flash Flood | Flood | Funnel Cloud | Hail | Heat | Heavy Snow | High Wind | Thunderstorm Wind | Tornado | Wildfire | Winter Storm | Winter Weather
2022,AL,Alabama,1030,1030,16,33,30972600,Cold/Wind Chill | Drought | Excessive Heat | Extreme Cold/Wind Chill | Flash Flood | Flood | Frost/Freeze | Funnel Cloud | Hail | Heat | Heavy Rain | Heavy Snow | High Wind | Lightning | Rip Current | Strong Wind | Thunderstorm Wind | Tornado | Winter Storm | Winter Weather
2022,AR,Arkansas,1533,1533,5,14,26328300,Cold/Wind Chill | Drought | Excessive Heat | Extreme Cold/Wind Chill | Flash Flood | Flood | Funnel Cloud | Hail | Heat | Heavy Rain | Heavy Snow | Ice Storm | Lightning | Strong Wind | Thunderstorm Wind | Tornado | Winter Storm | Winter Weather
2022,AZ,Arizona,1419,1419,439,4,44482300,Avalanche | Cold/Wind Chill | Debris Flow | Dense Fog | Drought | Dust Devil | Dust Storm | Excessive Heat | Flash Flood | Flood | Funnel Cloud | Hail | Heat | Heavy Rain | Heavy Snow | High Wind | Lightning | Strong Wind | Thunderstorm Wind | Tornado | Wildfire | Winter Weather
2022,CA,California,2832,2832,43,112,86328030,Avalanche | Coastal Flood | Cold/Wind Chill | Debris Flow | Dense Fog | Dense Smoke | Drought | Dust Storm | Excessive Heat | Extreme Cold/Wind Chill | Flash Flood | Flood | Frost/Freeze | Funnel Cloud | Hail | Heat | Heavy Rain | Heavy Snow | High Surf | High Wind | Lightning | Rip Current | Sneakerwave | Storm Surge/Tide | Strong Wind | Thunderstorm Wind | Tornado | Tsunami | Wildfire | Winter Storm | Winter Weather
2022,CO,Colorado,1587,1587,12,27,1097370,Avalanche | Blizzard | Cold/Wind Chill | Debris Flow | Dense Fog | Drought | Dust Storm | Excessive Heat | Extreme Cold/Wind Chill | Flash Flood | Flood | Frost/Freeze | Funnel Cloud | Hail | Heavy Rain | Heavy Snow | High Wind | Strong Wind | Thunderstorm Wind | Tornado | Wildfire | Winter Storm | Winter Weather
2022,CT,Connecticut,190,190,0,2,185500,Blizzard | Cold/Wind Chill | Drought | Flash Flood | Flood | Funnel Cloud | Hail | Heat | Heavy Rain | Heavy Snow | High Wind | Lightning | Strong Wind | Thunderstorm Wind | Tornado | Winter Storm | Winter Weather
2022,DC,District of Columbia,40,40,3,0,257500,Coastal Flood | Cold/Wind Chill | Flash Flood | Flood | Lightning | Thunderstorm Wind | Winter Storm | Winter Weather
2022,DE,Delaware,103,103,0,1,1000,Blizzard | Coastal Flood | Cold/Wind Chill | Dense Fog | Excessive Heat | Hail | Heavy Rain | High Wind | Lightning | Thunderstorm Wind | Winter Storm | Winter Weather
2022,FL,Florida,1242,1242,155,94,17004665190,Coastal Flood | Cold/Wind Chill | Dense Fog | Drought | Dust Devil | Excessive Heat | Flash Flood | Flood | Frost/Freeze | Funnel Cloud | Hail | Heat | Heavy Rain | High Surf | High Wind | Hurricane (Typhoon) | Lightning | Rip Current | Storm Surge/Tide | Strong Wind | Thunderstorm Wind | Tornado | Tropical Depression | Tropical Storm | Wildfire | Winter Weather
2022,GA,Georgia,1106,1106,11,41,4255990,Cold/Wind Chill | Dense Fog | Drought | Extreme Cold/Wind Chill | Flash Flood | Flood | Frost/Freeze | Funnel Cloud | Hail | Heat | Heavy Rain | Heavy Snow | High Wind | Lightning | Rip Current | Storm Surge/Tide | Strong Wind | Thunderstorm Wind | Tornado | Tropical Depression | Tropical Storm | Winter Storm | Winter Weather
2022,IA,Iowa,1514,1514,7,7,311256500,Blizzard | Cold/Wind Chill | Drought | Extreme Cold/Wind Chill | Flash Flood | Flood | Funnel Cloud | Hail | Heavy Rain | Heavy Snow | High Wind | Ice Storm | Lightning | Strong Wind | Thunderstorm Wind | Tornado | Wildfire | Winter Storm | Winter Weather
2022,ID,Idaho,510,510,4,5,25703800,Avalanche | Blizzard | Cold/Wind Chill | Debris Flow | Dust Devil | Dust Storm | Excessive Heat | Extreme Cold/Wind Chill | Flash Flood | Flood | Freezing Fog | Funnel Cloud | Hail | Heat | Heavy Rain | Heavy Snow | High Wind | Lightning | Strong Wind | Thunderstorm Wind | Tornado | Wildfire | Winter Storm | Winter Weather
2022,IL,Illinois,2181,2181,4,11,15977000,Blizzard | Cold/Wind Chill | Dense Fog | Drought | Excessive Heat | Extreme Cold/Wind Chill | Flash Flood | Flood | Frost/Freeze | Funnel Cloud | Hail | Heat | Heavy Rain | Heavy Snow | High Wind | Lake-Effect Snow | Lightning | Rip Current | Sleet | Strong Wind | Thunderstorm Wind | Tornado | Winter Storm | Winter Weather
2022,IN,Indiana,1185,1185,18,14,24974000,Blizzard | Cold/Wind Chill | Dense Fog | Excessive Heat | Extreme Cold/Wind Chill | Flash Flood | Flood | Frost/Freeze | Funnel Cloud | Hail | Heat | High Wind | Ice Storm | Lightning | Rip Current | Strong Wind | Thunderstorm Wind | Tornado | Wildfire | Winter Storm | Winter Weather
2022,KS,Kansas,2324,2324,8,10,105491750,Blizzard | Cold/Wind Chill | Drought | Dust Storm | Extreme Cold/Wind Chill | Flash Flood | Flood | Funnel Cloud | Hail | Heavy Rain | Heavy Snow | High Wind | Lightning | Strong Wind | Thunderstorm Wind | Tornado | Wildfire | Winter Storm | Winter Weather
2022,KY,Kentucky,2068,2068,47,63,8220850,Debris Flow | Dense Fog | Drought | Excessive Heat | Extreme Cold/Wind Chill | Flash Flood | Flood | Frost/Freeze | Funnel Cloud | Hail | Heat | Heavy Rain | Heavy Snow | High Wind | Ice Storm | Lightning | Strong Wind | Thunderstorm Wind | Tornado | Winter Storm | Winter Weather
2022,LA,Louisiana,815,815,9,60,191566200,Astronomical Low Tide | Cold/Wind Chill | Drought | Excessive Heat | Extreme Cold/Wind Chill | Flash Flood | Flood | Funnel Cloud | Hail | Heat | Lightning | Strong Wind | Thunderstorm Wind | Tornado | Winter Storm | Winter Weather
2022,MA,Massachusetts,439,439,1,0,898000,Blizzard | Coastal Flood | Cold/Wind Chill | Drought | Extreme Cold/Wind Chill | Flash Flood | Flood | Hail | Heat | Heavy Rain | Heavy Snow | High Wind | Lightning | Strong Wind | Thunderstorm Wind | Winter Storm | Winter Weather
2022,MD,Maryland,865,865,3,2,7836500,Coastal Flood | Cold/Wind Chill | Dense Fog | Excessive Heat | Extreme Cold/Wind Chill | Flash Flood | Flood | Funnel Cloud | Hail | Heavy Rain | High Wind | Ice Storm | Lightning | Thunderstorm Wind | Tornado | Winter Storm | Winter Weather
2022,ME,Maine,415,415,1,0,32831000,Blizzard | Coastal Flood | Drought | Extreme Cold/Wind Chill | Flash Flood | Flood | Hail | Heat | Heavy Snow | High Wind | Strong Wind | Thunderstorm Wind | Winter Storm | Winter Weather
2022,MI,Michigan,831,831,11,45,75244500,Blizzard | Cold/Wind Chill | Excessive Heat | Extreme Cold/Wind Chill | Flash Flood | Flood | Funnel Cloud | Hail | Heavy Rain | Heavy Snow | High Wind | Ice Storm | Lake-Effect Snow | Rip Current | Strong Wind | Thunderstorm Wind | Tornado | Wildfire | Winter Storm | Winter Weather
2022,MN,Minnesota,2728,2728,7,33,73409700,Blizzard | Cold/Wind Chill | Drought | Excessive Heat | Extreme Cold/Wind Chill | Flash Flood | Flood | Funnel Cloud | Hail | Heat | Heavy Rain | Heavy Snow | High Surf | High Wind | Ice Storm | Lightning | Strong Wind | Thunderstorm Wind | Tornado | Wildfire | Winter Storm | Winter Weather
2022,MO,Missouri,1925,1925,14,481,183677100,Cold/Wind Chill | Dense Fog | Drought | Excessive Heat | Extreme Cold/Wind Chill | Flash Flood | Flood | Frost/Freeze | Hail | Heat | Heavy Rain | Heavy Snow | Lightning | Sleet | Strong Wind | Thunderstorm Wind | Tornado | Wildfire | Winter Storm | Winter Weather
2022,MS,Mississippi,1474,1474,1,19,64462600,Cold/Wind Chill | Drought | Excessive Heat | Extreme Cold/Wind Chill | Flash Flood | Flood | Funnel Cloud | Hail | Heat | Heavy Rain | Heavy Snow | High Wind | Ice Storm | Lightning | Strong Wind | Thunderstorm Wind | Tornado | Winter Storm | Winter Weather
2022,MT,Montana,1901,1901,9,21,4267100,Avalanche | Blizzard | Cold/Wind Chill | Dense Fog | Drought | Extreme Cold/Wind Chill | Flash Flood | Flood | Funnel Cloud | Hail | Heat | Heavy Rain | Heavy Snow | High Wind | Lightning | Strong Wind | Thunderstorm Wind | Tornado | Wildfire | Winter Storm | Winter Weather
2022,NC,North Carolina,1586,1586,10,9,30984350,Coastal Flood | Cold/Wind Chill | Drought | Extreme Cold/Wind Chill | Flash Flood | Flood | Funnel Cloud | Hail | Heavy Rain | Heavy Snow | High Wind | Ice Storm | Lightning | Rip Current | Storm Surge/Tide | Strong Wind | Thunderstorm Wind | Tornado | Tropical Storm | Winter Storm | Winter Weather
2022,ND,North Dakota,1486,1486,6,5,70073000,Blizzard | Cold/Wind Chill | Dense Fog | Drought | Extreme Cold/Wind Chill | Flash Flood | Flood | Funnel Cloud | Hail | Heavy Rain | Heavy Snow | High Wind | Ice Storm | Strong Wind | Thunderstorm Wind | Tornado | Winter Storm | Winter Weather
2022,NE,Nebraska,2195,2195,3,13,443283500,Astronomical Low Tide | Blizzard | Cold/Wind Chill | Drought | Dust Storm | Excessive Heat | Extreme Cold/Wind Chill | Flash Flood | Flood | Funnel Cloud | Hail | Heat | Heavy Rain | Heavy Snow | High Wind | Sleet | Strong Wind | Thunderstorm Wind | Tornado | Wildfire | Winter Storm | Winter Weather
2022,NH,New Hampshire,293,293,3,0,10999000,Blizzard | Coastal Flood | Drought | Flood | Hail | High Wind | Strong Wind | Thunderstorm Wind | Tornado | Wildfire | Winter Storm | Winter Weather
2022,NJ,New Jersey,549,549,6,17,170000,Astronomical Low Tide | Blizzard | Coastal Flood | Cold/Wind Chill | Dense Fog | Excessive Heat | Flash Flood | Flood | Hail | Heavy Rain | Heavy Snow | High Wind | Ice Storm | Lightning | Rip Current | Strong Wind | Thunderstorm Wind | Tornado | Wildfire | Winter Storm | Winter Weather
2022,NM,New Mexico,1173,1173,12,25,183122900,Avalanche | Cold/Wind Chill | Debris Flow | Drought | Dust Devil | Dust Storm | Excessive Heat | Extreme Cold/Wind Chill | Flash Flood | Flood | Funnel Cloud | Hail | Heavy Rain | Heavy Snow | High Wind | Strong Wind | Thunderstorm Wind | Tornado | Wildfire | Winter Storm | Winter Weather
2022,NV,Nevada,698,698,61,29,23592100,Cold/Wind Chill | Debris Flow | Dense Smoke | Dust Devil | Dust Storm | Excessive Heat | Flash Flood | Flood | Hail | Heat | Heavy Rain | Heavy Snow | High Wind | Lightning | Strong Wind | Thunderstorm Wind | Winter Storm | Winter Weather
2022,NY,New York,1991,1991,56,7,57629800,Astronomical Low Tide | Blizzard | Cold/Wind Chill | Debris Flow | Drought | Extreme Cold/Wind Chill | Flash Flood | Flood | Frost/Freeze | Funnel Cloud | Hail | Heat | Heavy Rain | Heavy Snow | High Wind | Ice Storm | Lake-Effect Snow | Lakeshore Flood | Lightning | Rip Current | Strong Wind | Thunderstorm Wind | Tornado | Wildfire | Winter Storm | Winter Weather
2022,OH,Ohio,1565,1565,9,79,20173750,Blizzard | Cold/Wind Chill | Extreme Cold/Wind Chill | Flash Flood | Flood | Funnel Cloud | Hail | Heavy Rain | Heavy Snow | High Wind | Ice Storm | Lake-Effect Snow | Lightning | Strong Wind | Thunderstorm Wind | Tornado | Winter Storm | Winter Weather
2022,OK,Oklahoma,2077,2077,6,102,44833000,Cold/Wind Chill | Drought | Dust Storm | Excessive Heat | Extreme Cold/Wind Chill | Flash Flood | Flood | Hail | Heat | Heavy Snow | High Wind | Thunderstorm Wind | Tornado | Wildfire | Winter Storm | Winter Weather
2022,OR,Oregon,333,333,27,11,9830950,Coastal Flood | Debris Flow | Dense Fog | Excessive Heat | Extreme Cold/Wind Chill | Flood | Freezing Fog | Frost/Freeze | Funnel Cloud | Hail | Heat | Heavy Rain | Heavy Snow | High Surf | High Wind | Ice Storm | Lightning | Rip Current | Strong Wind | Thunderstorm Wind | Tornado | Tsunami | Wildfire | Winter Storm | Winter Weather
2022,PA,Pennsylvania,1527,1527,10,54,8076650,Blizzard | Coastal Flood | Cold/Wind Chill | Dense Fog | Excessive Heat | Extreme Cold/Wind Chill | Flash Flood | Flood | Hail | Heavy Rain | Heavy Snow | High Wind | Ice Storm | Lake-Effect Snow | Lightning | Strong Wind | Thunderstorm Wind | Tornado | Wildfire | Winter Storm | Winter Weather
2022,RI,Rhode Island,75,75,0,3,1121500,Blizzard | Coastal Flood | Flash Flood | Flood | Heavy Rain | Heavy Snow | High Surf | High Wind | Lightning | Strong Wind | Thunderstorm Wind | Winter Storm
2022,SC,South Carolina,1146,1146,5,11,2081100,Coastal Flood | Cold/Wind Chill | Extreme Cold/Wind Chill | Flash Flood | Flood | Frost/Freeze | Funnel Cloud | Hail | Heat | Heavy Rain | Heavy Snow | High Wind | Ice Storm | Lightning | Rip Current | Storm Surge/Tide | Strong Wind | Thunderstorm Wind | Tornado | Tropical Depression | Tropical Storm | Wildfire | Winter Storm | Winter Weather
2022,SD,South Dakota,2741,2741,15,5,499830110,Blizzard | Cold/Wind Chill | Dense Fog | Drought | Excessive Heat | Extreme Cold/Wind Chill | Flash Flood | Flood | Funnel Cloud | Hail | Heat | Heavy Rain | Heavy Snow | High Wind | Ice Storm | Strong Wind | Thunderstorm Wind | Tornado | Wildfire | Winter Storm | Winter Weather
2022,TN,Tennessee,1599,1599,4,16,3500600,Cold/Wind Chill | Drought | Excessive Heat | Extreme Cold/Wind Chill | Flash Flood | Flood | Frost/Freeze | Hail | Heat | Heavy Rain | Heavy Snow | High Wind | Ice Storm | Lightning | Strong Wind | Thunderstorm Wind | Tornado | Winter Storm | Winter Weather
2022,TX,Texas,5414,5414,71,177,1527393200,Astronomical Low Tide | Coastal Flood | Cold/Wind Chill | Drought | Dust Devil | Dust Storm | Excessive Heat | Extreme Cold/Wind Chill | Flash Flood | Flood | Frost/Freeze | Funnel Cloud | Hail | Heat | Heavy Rain | High Wind | Ice Storm | Lightning | Rip Current | Sleet | Strong Wind | Thunderstorm Wind | Tornado | Wildfire | Winter Storm | Winter Weather
2022,UT,Utah,540,540,4,3,36764250,Avalanche | Debris Flow | Dense Fog | Drought | Dust Storm | Excessive Heat | Flash Flood | Flood | Frost/Freeze | Funnel Cloud | Hail | Heavy Snow | High Wind | Strong Wind | Thunderstorm Wind | Tornado | Winter Storm | Winter Weather
2022,VA,Virginia,2017,2017,3,11,69560150,Blizzard | Coastal Flood | Cold/Wind Chill | Drought | Extreme Cold/Wind Chill | Flash Flood | Flood | Funnel Cloud | Hail | Heavy Rain | Heavy Snow | High Wind | Ice Storm | Lightning | Strong Wind | Thunderstorm Wind | Tornado | Winter Storm | Winter Weather
2022,VT,Vermont,371,371,2,2,5686000,Cold/Wind Chill | Drought | Extreme Cold/Wind Chill | Flash Flood | Flood | Hail | Heat | High Wind | Strong Wind | Thunderstorm Wind | Tornado | Winter Storm | Winter Weather
2022,WA,Washington,477,477,7,4,359462300,Astronomical Low Tide | Avalanche | Coastal Flood | Debris Flow | Dust Storm | Excessive Heat | Extreme Cold/Wind Chill | Flash Flood | Flood | Frost/Freeze | Funnel Cloud | Hail | Heat | Heavy Rain | Heavy Snow | High Surf | High Wind | Ice Storm | Lightning | Strong Wind | Thunderstorm Wind | Tornado | Tsunami | Wildfire | Winter Storm | Winter Weather
2022,WI,Wisconsin,1266,1266,12,6,11488500,Blizzard | Cold/Wind Chill | Drought | Excessive Heat | Extreme Cold/Wind Chill | Flash Flood | Flood | Funnel Cloud | Hail | Heat | Heavy Rain | Heavy Snow | High Surf | High Wind | Ice Storm | Lake-Effect Snow | Lightning | Rip Current | Seiche | Strong Wind | Thunderstorm Wind | Tornado | Wildfire | Winter Storm | Winter Weather
2022,WV,West Virginia,1205,1205,3,0,24107200,Blizzard | Cold/Wind Chill | Debris Flow | Extreme Cold/Wind Chill | Flash Flood | Flood | Funnel Cloud | Hail | Heavy Rain | Heavy Snow | High Wind | Ice Storm | Lightning | Strong Wind | Thunderstorm Wind | Tornado | Winter Storm | Winter Weather
2022,WY,Wyoming,926,926,3,2,25170380,Avalanche | Blizzard | Cold/Wind Chill | Extreme Cold/Wind Chill | Flash Flood | Flood | Funnel Cloud | Hail | Heat | Heavy Snow | High Wind | Lightning | Thunderstorm Wind | Tornado | Wildfire | Winter Storm | Winter Weather
2023,AL,Alabama,2125,2125,19,59,42923200,Drought | Excessive Heat | Flash Flood | Flood | Freezing Fog | Frost/Freeze | Funnel Cloud | Hail | Heat | Heavy Rain | High Wind | Lightning | Rip Current | Strong Wind | Thunderstorm Wind | Tornado | Winter Weather
2023,AR,Arkansas,1510,1510,8,90,263370000,Drought | Excessive Heat | Flash Flood | Flood | Funnel Cloud | Hail | Heat | Heavy Rain | High Wind | Ice Storm | Lightning | Strong Wind | Thunderstorm Wind | Tornado | Winter Storm | Winter Weather
2023,AZ,Arizona,1012,1012,771,21,19602750,Cold/Wind Chill | Dense Fog | Drought | Dust Devil | Dust Storm | Excessive Heat | Extreme Cold/Wind Chill | Flash Flood | Flood | Frost/Freeze | Funnel Cloud | Hail | Heat | Heavy Rain | Heavy Snow | High Wind | Lightning | Strong Wind | Thunderstorm Wind | Tornado | Wildfire | Winter Storm | Winter Weather
2023,CA,California,3148,3148,41,56,1047172630,Avalanche | Blizzard | Coastal Flood | Cold/Wind Chill | Debris Flow | Dense Fog | Drought | Dust Storm | Excessive Heat | Flash Flood | Flood | Frost/Freeze | Funnel Cloud | Hail | Heat | Heavy Rain | Heavy Snow | High Surf | High Wind | Lightning | Rip Current | Strong Wind | Thunderstorm Wind | Tornado | Tropical Storm | Wildfire | Winter Storm | Winter Weather
2023,CO,Colorado,2102,2102,15,105,48564640,Avalanche | Blizzard | Debris Flow | Dense Fog | Drought | Dust Storm | Excessive Heat | Extreme Cold/Wind Chill | Flash Flood | Flood | Frost/Freeze | Funnel Cloud | Hail | Heavy Rain | Heavy Snow | High Wind | Lightning | Thunderstorm Wind | Tornado | Wildfire | Winter Storm | Winter Weather
2023,CT,Connecticut,240,240,0,0,2042600,Extreme Cold/Wind Chill | Flash Flood | Flood | Frost/Freeze | Funnel Cloud | Hail | Heavy Snow | High Wind | Lightning | Strong Wind | Thunderstorm Wind | Tornado | Winter Storm | Winter Weather
2023,DC,District of Columbia,17,17,0,2,25331000,Coastal Flood | Excessive Heat | Flash Flood | Flood | High Wind | Thunderstorm Wind
2023,DE,Delaware,109,109,2,0,30000,Coastal Flood | Dense Fog | Flash Flood | Flood | Funnel Cloud | Hail | High Wind | Lightning | Rip Current | Thunderstorm Wind | Tornado
2023,FL,Florida,1669,1669,37,50,444471900,Astronomical Low Tide | Coastal Flood | Drought | Excessive Heat | Flash Flood | Flood | Frost/Freeze | Funnel Cloud | Hail | Heat | Heavy Rain | High Wind | Hurricane (Typhoon) | Lightning | Rip Current | Storm Surge/Tide | Strong Wind | Thunderstorm Wind | Tornado | Tropical Depression | Tropical Storm | Wildfire
2023,GA,Georgia,2708,2708,11,126,51380660,Coastal Flood | Drought | Excessive Heat | Flash Flood | Flood | Funnel Cloud | Hail | Heavy Rain | Hurricane (Typhoon) | Lightning | Rip Current | Strong Wind | Thunderstorm Wind | Tornado | Tropical Storm
2023,IA,Iowa,1886,1886,4,12,78270550,Blizzard | Cold/Wind Chill | Dense Fog | Drought | Excessive Heat | Extreme Cold/Wind Chill | Flash Flood | Flood | Freezing Fog | Funnel Cloud | Hail | Heat | Heavy Rain | Heavy Snow | High Wind | Ice Storm | Lightning | Strong Wind | Thunderstorm Wind | Tornado | Wildfire | Winter Storm | Winter Weather
2023,ID,Idaho,581,581,5,45,93130100,Avalanche | Cold/Wind Chill | Debris Flow | Dense Fog | Dust Storm | Excessive Heat | Extreme Cold/Wind Chill | Flash Flood | Flood | Freezing Fog | Funnel Cloud | Hail | Heavy Rain | Heavy Snow | High Wind | Lightning | Sleet | Strong Wind | Thunderstorm Wind | Tornado | Wildfire | Winter Storm | Winter Weather
2023,IL,Illinois,2505,2505,15,106,565830000,Dense Fog | Drought | Dust Storm | Excessive Heat | Flash Flood | Flood | Freezing Fog | Frost/Freeze | Funnel Cloud | Hail | Heat | Heavy Rain | Heavy Snow | High Wind | Ice Storm | Lightning | Rip Current | Strong Wind | Thunderstorm Wind | Tornado | Winter Storm | Winter Weather
2023,IN,Indiana,1128,1128,15,38,69119350,Drought | Excessive Heat | Flash Flood | Flood | Freezing Fog | Frost/Freeze | Funnel Cloud | Hail | Heat | Heavy Rain | Heavy Snow | High Wind | Ice Storm | Lightning | Rip Current | Strong Wind | Thunderstorm Wind | Tornado | Winter Storm | Winter Weather
2023,KS,Kansas,2837,2837,2,26,28297110,Dense Fog | Drought | Dust Storm | Extreme Cold/Wind Chill | Flash Flood | Flood | Funnel Cloud | Hail | Heat | Heavy Rain | Heavy Snow | High Wind | Lightning | Strong Wind | Thunderstorm Wind | Tornado | Wildfire | Winter Storm | Winter Weather
2023,KY,Kentucky,1617,1617,8,21,16571350,Debris Flow | Dense Fog | Drought | Excessive Heat | Flash Flood | Flood | Freezing Fog | Frost/Freeze | Funnel Cloud | Hail | Heat | Heavy Rain | High Wind | Lightning | Strong Wind | Thunderstorm Wind | Tornado | Winter Storm | Winter Weather
2023,LA,Louisiana,2199,2199,15,73,101377350,Astronomical Low Tide | Coastal Flood | Dense Fog | Drought | Excessive Heat | Flash Flood | Hail | Heat | Lightning | Rip Current | Strong Wind | Thunderstorm Wind | Tornado | Wildfire
2023,MA,Massachusetts,475,475,2,5,3175000,Coastal Flood | Extreme Cold/Wind Chill | Flash Flood | Flood | Frost/Freeze | Hail | Heavy Snow | High Wind | Lightning | Strong Wind | Thunderstorm Wind | Tornado | Tropical Storm | Winter Storm | Winter Weather
2023,MD,Maryland,649,649,2,4,76795000,Coastal Flood | Cold/Wind Chill | Dense Fog | Excessive Heat | Flash Flood | Flood | Hail | Heavy Rain | High Wind | Ice Storm | Lightning | Rip Current | Thunderstorm Wind | Tornado | Tropical Storm | Winter Storm | Winter Weather
2023,ME,Maine,663,663,6,9,44882000,Coastal Flood | Debris Flow | Extreme Cold/Wind Chill | Flash Flood | Flood | Frost/Freeze | Hail | Heat | Heavy Snow | High Wind | Lightning | Thunderstorm Wind | Tropical Storm | Winter Storm | Winter Weather
2023,MI,Michigan,792,792,12,10,325008000,Cold/Wind Chill | Dense Fog | Excessive Heat | Extreme Cold/Wind Chill | Flash Flood | Flood | Funnel Cloud | Hail | Heat | Heavy Snow | High Wind | Ice Storm | Lightning | Rip Current | Thunderstorm Wind | Tornado | Winter Storm | Winter Weather
2023,MN,Minnesota,1690,1690,7,20,75670500,Blizzard | Cold/Wind Chill | Dense Fog | Drought | Excessive Heat | Extreme Cold/Wind Chill | Flash Flood | Flood | Funnel Cloud | Hail | Heat | Heavy Rain | Heavy Snow | High Surf | High Wind | Ice Storm | Lightning | Rip Current | Strong Wind | Thunderstorm Wind | Tornado | Winter Storm | Winter Weather
2023,MO,Missouri,2303,2303,14,207,151099000,Drought | Excessive Heat | Flash Flood | Flood | Freezing Fog | Frost/Freeze | Funnel Cloud | Hail | Heat | Heavy Rain | Heavy Snow | High Wind | Lightning | Sleet | Strong Wind | Thunderstorm Wind | Tornado | Winter Storm | Winter Weather
2023,MS,Mississippi,1942,1942,31,279,431750850,Drought | Excessive Heat | Flash Flood | Flood | Funnel Cloud | Hail | Heat | High Wind | Ice Storm | Lightning | Strong Wind | Thunderstorm Wind | Tornado | Winter Storm
2023,MT,Montana,1124,1124,11,22,9710000,Avalanche | Blizzard | Cold/Wind Chill | Debris Flow | Dense Fog | Drought | Extreme Cold/Wind Chill | Flash Flood | Flood | Freezing Fog | Funnel Cloud | Hail | Heavy Rain | Heavy Snow | High Wind | Ice Storm | Lightning | Thunderstorm Wind | Tornado | Wildfire | Winter Storm | Winter Weather
2023,NC,North Carolina,1380,1380,4,36,308155400,Coastal Flood | Debris Flow | Drought | Excessive Heat | Flash Flood | Flood | Funnel Cloud | Hail | Heavy Rain | Heavy Snow | High Wind | Lightning | Rip Current | Storm Surge/Tide | Strong Wind | Thunderstorm Wind | Tornado | Tropical Depression | Tropical Storm | Winter Storm | Winter Weather
2023,ND,North Dakota,781,781,4,4,30049000,Blizzard | Cold/Wind Chill | Dense Fog | Dense Smoke | Drought | Extreme Cold/Wind Chill | Flash Flood | Flood | Funnel Cloud | Hail | Heavy Snow | High Wind | Ice Storm | Thunderstorm Wind | Tornado | Winter Storm | Winter Weather
2023,NE,Nebraska,2335,2335,3,10,195469760,Blizzard | Drought | Excessive Heat | Extreme Cold/Wind Chill | Flash Flood | Flood | Funnel Cloud | Hail | Heat | Heavy Snow | High Wind | Ice Storm | Lightning | Strong Wind | Thunderstorm Wind | Tornado | Wildfire | Winter Storm | Winter Weather
2023,NH,New Hampshire,291,291,0,0,1640000,Astronomical Low Tide | Extreme Cold/Wind Chill | Flash Flood | Flood | Frost/Freeze | Hail | High Wind | Thunderstorm Wind | Tornado | Winter Storm
2023,NJ,New Jersey,630,630,6,16,223000,Coastal Flood | Cold/Wind Chill | Dense Fog | Flash Flood | Flood | Funnel Cloud | Hail | Heavy Snow | High Surf | High Wind | Lightning | Rip Current | Thunderstorm Wind | Tornado | Winter Storm | Winter Weather
2023,NM,New Mexico,1257,1257,0,2,17603500,Avalanche | Drought | Dust Storm | Excessive Heat | Flash Flood | Flood | Freezing Fog | Funnel Cloud | Hail | Heavy Rain | Heavy Snow | High Wind | Strong Wind | Thunderstorm Wind | Tornado | Wildfire | Winter Storm | Winter Weather
2023,NV,Nevada,656,656,48,3,39568600,Avalanche | Cold/Wind Chill | Debris Flow | Dust Devil | Dust Storm | Excessive Heat | Flash Flood | Flood | Funnel Cloud | Hail | Heat | Heavy Rain | Heavy Snow | High Wind | Thunderstorm Wind | Tornado | Winter Weather
2023,NY,New York,1825,1825,5,10,12300250,Coastal Flood | Cold/Wind Chill | Debris Flow | Extreme Cold/Wind Chill | Flash Flood | Flood | Frost/Freeze | Funnel Cloud | Hail | Heat | Heavy Rain | Heavy Snow | High Wind | Ice Storm | Lake-Effect Snow | Lakeshore Flood | Lightning | Rip Current | Strong Wind | Thunderstorm Wind | Tornado | Winter Storm | Winter Weather
2023,OH,Ohio,1099,1099,4,13,28218900,Excessive Heat | Flash Flood | Flood | Funnel Cloud | Hail | Heavy Snow | High Wind | Lake-Effect Snow | Lightning | Rip Current | Strong Wind | Thunderstorm Wind | Tornado | Winter Storm | Winter Weather
2023,OK,Oklahoma,3764,3764,12,149,238288870,Drought | Dust Storm | Excessive Heat | Flash Flood | Flood | Frost/Freeze | Hail | Heat | Heavy Snow | High Wind | Ice Storm | Lightning | Sleet | Thunderstorm Wind | Tornado | Wildfire | Winter Storm | Winter Weather
2023,OR,Oregon,339,339,11,4,20168000,Cold/Wind Chill | Debris Flow | Dense Fog | Excessive Heat | Flash Flood | Flood | Frost/Freeze | Funnel Cloud | Hail | Heavy Rain | Heavy Snow | High Surf | High Wind | Ice Storm | Rip Current | Sneakerwave | Strong Wind | Thunderstorm Wind | Tornado | Wildfire | Winter Storm
2023,PA,Pennsylvania,1624,1624,14,24,27448200,Coastal Flood | Cold/Wind Chill | Dense Fog | Flash Flood | Flood | Freezing Fog | Funnel Cloud | Hail | Heat | Heavy Snow | High Wind | Lake-Effect Snow | Lightning | Strong Wind | Thunderstorm Wind | Tornado | Wildfire | Winter Storm | Winter Weather
2023,RI,Rhode Island,83,83,1,3,335100,Coastal Flood | Flash Flood | Flood | Hail | Heavy Snow | High Wind | Lightning | Rip Current | Strong Wind | Thunderstorm Wind | Tornado
2023,SC,South Carolina,926,926,5,8,12574850,Coastal Flood | Flash Flood | Flood | Funnel Cloud | Hail | Heavy Rain | High Surf | High Wind | Lightning | Rip Current | Storm Surge/Tide | Strong Wind | Thunderstorm Wind | Tornado | Tropical Storm
2023,SD,South Dakota,2024,2024,4,18,152680000,Blizzard | Cold/Wind Chill | Dense Fog | Dense Smoke | Drought | Excessive Heat | Extreme Cold/Wind Chill | Flash Flood | Flood | Freezing Fog | Funnel Cloud | Hail | Heat | Heavy Snow | High Wind | Ice Storm | Strong Wind | Thunderstorm Wind | Tornado | Winter Storm | Winter Weather
2023,TN,Tennessee,1854,1854,28,165,287114800,Debris Flow | Drought | Excessive Heat | Flash Flood | Flood | Frost/Freeze | Funnel Cloud | Hail | Heat | Heavy Rain | Heavy Snow | High Wind | Ice Storm | Lightning | Strong Wind | Thunderstorm Wind | Tornado | Wildfire | Winter Storm | Winter Weather
2023,TX,Texas,7689,7689,84,1788,2305671800,Astronomical Low Tide | Coastal Flood | Cold/Wind Chill | Drought | Dust Storm | Excessive Heat | Flash Flood | Flood | Frost/Freeze | Funnel Cloud | Hail | Heat | Heavy Snow | High Wind | Ice Storm | Lightning | Storm Surge/Tide | Strong Wind | Thunderstorm Wind | Tornado | Tropical Storm | Wildfire | Winter Storm | Winter Weather
2023,UT,Utah,689,689,15,18,26169250,Avalanche | Debris Flow | Dense Fog | Drought | Extreme Cold/Wind Chill | Flash Flood | Flood | Frost/Freeze | Funnel Cloud | Hail | Heavy Snow | High Wind | Strong Wind | Thunderstorm Wind | Wildfire | Winter Storm | Winter Weather
2023,VA,Virginia,1508,1508,3,3,53945900,Coastal Flood | Cold/Wind Chill | Debris Flow | Drought | Excessive Heat | Flash Flood | Flood | Funnel Cloud | Hail | Heavy Rain | Heavy Snow | High Wind | Lightning | Strong Wind | Thunderstorm Wind | Tornado | Tropical Storm | Wildfire | Winter Storm | Winter Weather
2023,VT,Vermont,351,351,2,1,154761000,Extreme Cold/Wind Chill | Flash Flood | Flood | Frost/Freeze | Hail | Heat | Strong Wind | Thunderstorm Wind | Tornado | Winter Storm | Winter Weather
2023,WA,Washington,284,284,9,7,190141600,Avalanche | Cold/Wind Chill | Debris Flow | Flash Flood | Flood | Freezing Fog | Frost/Freeze | Funnel Cloud | Hail | Heat | Heavy Rain | Heavy Snow | High Wind | Ice Storm | Lightning | Strong Wind | Thunderstorm Wind | Tornado | Wildfire | Winter Weather
2023,WI,Wisconsin,1325,1325,7,58,8836610,Blizzard | Cold/Wind Chill | Dense Fog | Drought | Excessive Heat | Flash Flood | Flood | Frost/Freeze | Funnel Cloud | Hail | Heat | Heavy Rain | Heavy Snow | High Wind | Ice Storm | Rip Current | Strong Wind | Thunderstorm Wind | Tornado | Wildfire | Winter Storm | Winter Weather
2023,WV,West Virginia,846,846,1,0,8509800,Cold/Wind Chill | Debris Flow | Excessive Heat | Flash Flood | Flood | Funnel Cloud | Hail | Heavy Rain | Heavy Snow | High Wind | Ice Storm | Lightning | Strong Wind | Thunderstorm Wind | Tornado | Winter Storm | Winter Weather
2023,WY,Wyoming,1002,1002,3,56,6746250,Avalanche | Blizzard | Cold/Wind Chill | Extreme Cold/Wind Chill | Flash Flood | Flood | Funnel Cloud | Hail | Heavy Snow | High Wind | Lightning | Strong Wind | Thunderstorm Wind | Tornado | Winter Storm | Winter Weather
2024,AL,Alabama,1273,1273,5,30,17396600,Astronomical Low Tide | Coastal Flood | Cold/Wind Chill | Drought | Excessive Heat | Flash Flood | Flood | Frost/Freeze | Funnel Cloud | Hail | Heat | Heavy Rain | Heavy Snow | High Wind | Lightning | Sleet | Strong Wind | Thunderstorm Wind | Tornado | Tropical Depression | Tropical Storm | Winter Storm | Winter Weather
2024,AR,Arkansas,1246,1246,10,21,115654300,Cold/Wind Chill | Drought | Excessive Heat | Extreme Cold/Wind Chill | Flash Flood | Flood | Freezing Fog | Funnel Cloud | Hail | Heat | Heavy Rain | High Wind | Ice Storm | Lightning | Strong Wind | Thunderstorm Wind | Tornado | Winter Storm | Winter Weather
2024,AZ,Arizona,688,688,266,10,39715500,Cold/Wind Chill | Drought | Dust Devil | Dust Storm | Excessive Heat | Flash Flood | Flood | Funnel Cloud | Hail | Heat | Heavy Rain | Heavy Snow | High Wind | Lightning | Strong Wind | Thunderstorm Wind | Tornado | Wildfire | Winter Storm | Winter Weather
2024,CA,California,2588,2588,79,123,142295370,Blizzard | Coastal Flood | Cold/Wind Chill | Debris Flow | Dense Fog | Dust Devil | Dust Storm | Excessive Heat | Flash Flood | Flood | Freezing Fog | Frost/Freeze | Funnel Cloud | Hail | Heat | Heavy Rain | Heavy Snow | High Surf | High Wind | Lightning | Rip Current | Sneakerwave | Strong Wind | Thunderstorm Wind | Tornado | Wildfire | Winter Storm | Winter Weather
2024,CO,Colorado,1896,1896,7,6,34284500,Avalanche | Blizzard | Cold/Wind Chill | Debris Flow | Dense Fog | Dust Storm | Extreme Cold/Wind Chill | Flash Flood | Flood | Frost/Freeze | Funnel Cloud | Hail | Heavy Rain | Heavy Snow | High Wind | Lightning | Strong Wind | Thunderstorm Wind | Tornado | Wildfire | Winter Storm | Winter Weather
2024,CT,Connecticut,288,288,4,7,1238700,Astronomical Low Tide | Coastal Flood | Drought | Flash Flood | Flood | Hail | Heat | Heavy Snow | High Wind | Lightning | Strong Wind | Thunderstorm Wind | Tornado | Winter Storm | Winter Weather
2024,DC,District of Columbia,28,28,0,0,68000,Coastal Flood | Excessive Heat | Flood | Hail | Thunderstorm Wind | Winter Storm | Winter Weather
2024,DE,Delaware,83,83,0,3,50000,Astronomical Low Tide | Coastal Flood | Dense Fog | Excessive Heat | Flash Flood | Flood | High Wind | Thunderstorm Wind | Tornado | Winter Storm | Winter Weather
2024,FL,Florida,1441,1441,58,48,7600825250,Coastal Flood | Drought | Flash Flood | Flood | Funnel Cloud | Hail | Heavy Rain | High Wind | Hurricane (Typhoon) | Lightning | Rip Current | Storm Surge/Tide | Strong Wind | Thunderstorm Wind | Tornado | Tropical Depression | Tropical Storm | Wildfire
2024,GA,Georgia,1670,1670,35,102,2813240800,Coastal Flood | Cold/Wind Chill | Drought | Flash Flood | Flood | Funnel Cloud | Hail | Heavy Rain | High Wind | Hurricane (Typhoon) | Lightning | Rip Current | Strong Wind | Thunderstorm Wind | Tornado | Tropical Storm
2024,IA,Iowa,2532,2532,12,50,135616200,Blizzard | Cold/Wind Chill | Dense Fog | Drought | Excessive Heat | Extreme Cold/Wind Chill | Flash Flood | Flood | Funnel Cloud | Hail | Heat | Heavy Rain | High Wind | Ice Storm | Lightning | Strong Wind | Thunderstorm Wind | Tornado | Wildfire | Winter Storm | Winter Weather
2024,ID,Idaho,596,596,3,16,44327750,Avalanche | Blizzard | Debris Flow | Dust Storm | Excessive Heat | Flash Flood | Flood | Freezing Fog | Frost/Freeze | Funnel Cloud | Hail | Heat | Heavy Rain | Heavy Snow | High Wind | Lightning | Strong Wind | Thunderstorm Wind | Tornado | Wildfire | Winter Storm | Winter Weather
2024,IL,Illinois,2568,2568,14,86,20359550,Cold/Wind Chill | Dense Fog | Drought | Dust Storm | Excessive Heat | Extreme Cold/Wind Chill | Flash Flood | Flood | Frost/Freeze | Funnel Cloud | Hail | Heat | Heavy Rain | Heavy Snow | High Wind | Ice Storm | Lightning | Rip Current | Seiche | Strong Wind | Thunderstorm Wind | Tornado | Wildfire | Winter Storm | Winter Weather
2024,IN,Indiana,1093,1093,7,71,60079250,Cold/Wind Chill | Dense Fog | Drought | Extreme Cold/Wind Chill | Flash Flood | Flood | Frost/Freeze | Funnel Cloud | Hail | Heat | Heavy Rain | Heavy Snow | High Wind | Lake-Effect Snow | Lightning | Rip Current | Seiche | Strong Wind | Thunderstorm Wind | Tornado | Winter Storm | Winter Weather
2024,KS,Kansas,2572,2572,2,52,29213000,Blizzard | Cold/Wind Chill | Dense Fog | Drought | Dust Storm | Extreme Cold/Wind Chill | Flash Flood | Flood | Funnel Cloud | Hail | Heat | Heavy Rain | Heavy Snow | High Wind | Lightning | Thunderstorm Wind | Tornado | Wildfire | Winter Storm | Winter Weather
2024,KY,Kentucky,1754,1754,13,51,16104800,Cold/Wind Chill | Dense Fog | Drought | Excessive Heat | Extreme Cold/Wind Chill | Flash Flood | Flood | Frost/Freeze | Funnel Cloud | Hail | Heat | Heavy Rain | Heavy Snow | High Wind | Lightning | Strong Wind | Thunderstorm Wind | Tornado | Winter Storm | Winter Weather
2024,LA,Louisiana,1311,1311,8,18,231489250,Astronomical Low Tide | Coastal Flood | Cold/Wind Chill | Drought | Excessive Heat | Flash Flood | Flood | Funnel Cloud | Hail | Heat | Heavy Rain | Hurricane (Typhoon) | Lightning | Storm Surge/Tide | Thunderstorm Wind | Tornado | Tropical Storm | Winter Storm | Winter Weather
2024,MA,Massachusetts,314,314,0,3,275800,Coastal Flood | Drought | Flash Flood | Flood | Hail | Heat | Heavy Snow | High Wind | Lightning | Strong Wind | Thunderstorm Wind | Tornado | Wildfire | Winter Storm | Winter Weather
2024,MD,Maryland,554,554,1,5,41081500,Blizzard | Coastal Flood | Cold/Wind Chill | Dense Fog | Excessive Heat | Flash Flood | Flood | Hail | Heavy Rain | High Wind | Lightning | Thunderstorm Wind | Tornado | Winter Storm | Winter Weather
2024,ME,Maine,495,495,0,0,110875000,Blizzard | Coastal Flood | Excessive Heat | Flash Flood | Flood | Hail | Heat | Heavy Snow | High Wind | Thunderstorm Wind | Winter Storm | Winter Weather
2024,MI,Michigan,701,701,2,29,68441500,Blizzard | Cold/Wind Chill | Extreme Cold/Wind Chill | Flash Flood | Flood | Hail | Heavy Rain | Heavy Snow | High Wind | Lake-Effect Snow | Lightning | Rip Current | Strong Wind | Thunderstorm Wind | Tornado | Wildfire | Winter Storm | Winter Weather
2024,MN,Minnesota,1542,1542,3,26,38690700,Blizzard | Cold/Wind Chill | Dense Fog | Drought | Excessive Heat | Extreme Cold/Wind Chill | Flash Flood | Flood | Freezing Fog | Funnel Cloud | Hail | Heat | Heavy Rain | Heavy Snow | High Wind | Strong Wind | Thunderstorm Wind | Tornado | Wildfire | Winter Storm | Winter Weather
2024,MO,Missouri,2362,2362,14,10,139983250,Blizzard | Cold/Wind Chill | Dense Fog | Drought | Excessive Heat | Extreme Cold/Wind Chill | Flash Flood | Flood | Frost/Freeze | Funnel Cloud | Hail | Heat | Heavy Rain | Heavy Snow | High Wind | Ice Storm | Lightning | Strong Wind | Thunderstorm Wind | Tornado | Wildfire | Winter Storm | Winter Weather
2024,MS,Mississippi,1363,1363,12,61,30709000,Cold/Wind Chill | Dense Fog | Drought | Excessive Heat | Extreme Cold/Wind Chill | Flash Flood | Flood | Funnel Cloud | Hail | Heat | High Wind | Lightning | Storm Surge/Tide | Strong Wind | Thunderstorm Wind | Tornado | Tropical Storm | Wildfire | Winter Storm | Winter Weather
2024,MT,Montana,1239,1239,1,13,8059500,Blizzard | Cold/Wind Chill | Dense Fog | Drought | Excessive Heat | Extreme Cold/Wind Chill | Flash Flood | Flood | Frost/Freeze | Funnel Cloud | Hail | Heat | Heavy Snow | High Wind | Ice Storm | Strong Wind | Thunderstorm Wind | Tornado | Wildfire | Winter Storm | Winter Weather
2024,NC,North Carolina,1570,1570,98,29,2138196900,Coastal Flood | Cold/Wind Chill | Debris Flow | Drought | Excessive Heat | Flash Flood | Flood | Funnel Cloud | Hail | Heavy Rain | Heavy Snow | High Wind | Lightning | Rip Current | Strong Wind | Thunderstorm Wind | Tornado | Tropical Storm | Winter Storm | Winter Weather
2024,ND,North Dakota,717,717,2,11,62039250,Blizzard | Cold/Wind Chill | Drought | Extreme Cold/Wind Chill | Flash Flood | Flood | Funnel Cloud | Hail | Heavy Snow | High Wind | Lightning | Strong Wind | Thunderstorm Wind | Tornado | Wildfire | Winter Storm | Winter Weather
2024,NE,Nebraska,2040,2040,3,115,363391500,Blizzard | Cold/Wind Chill | Drought | Dust Storm | Excessive Heat | Extreme Cold/Wind Chill | Flash Flood | Flood | Funnel Cloud | Hail | Heat | Heavy Rain | Heavy Snow | High Wind | Lightning | Strong Wind | Thunderstorm Wind | Tornado | Wildfire | Winter Storm | Winter Weather
2024,NH,New Hampshire,263,263,1,0,46339000,Coastal Flood | Excessive Heat | Flash Flood | Flood | Hail | High Wind | Thunderstorm Wind | Tornado | Winter Storm | Winter Weather
2024,NJ,New Jersey,719,719,2,2,255500,Astronomical Low Tide | Coastal Flood | Dense Fog | Excessive Heat | Flash Flood | Flood | Hail | Heavy Snow | High Wind | Lightning | Thunderstorm Wind | Tornado | Winter Storm | Winter Weather
2024,NM,New Mexico,1068,1068,10,67,562174000,Blizzard | Debris Flow | Drought | Dust Storm | Flash Flood | Flood | Hail | Heavy Snow | High Wind | Lightning | Strong Wind | Thunderstorm Wind | Tornado | Wildfire | Winter Storm | Winter Weather
2024,NV,Nevada,490,490,162,2,2696000,Avalanche | Debris Flow | Dust Devil | Excessive Heat | Flash Flood | Flood | Funnel Cloud | Hail | Heat | Heavy Rain | Heavy Snow | High Wind | Lightning | Thunderstorm Wind | Wildfire | Winter Weather
2024,NY,New York,2268,2268,10,12,94516950,Astronomical Low Tide | Coastal Flood | Drought | Flash Flood | Flood | Frost/Freeze | Funnel Cloud | Hail | Heat | Heavy Rain | Heavy Snow | High Wind | Lake-Effect Snow | Lakeshore Flood | Lightning | Rip Current | Strong Wind | Thunderstorm Wind | Tornado | Wildfire | Winter Storm | Winter Weather
2024,OH,Ohio,1461,1461,8,48,36828250,Cold/Wind Chill | Drought | Extreme Cold/Wind Chill | Flash Flood | Flood | Funnel Cloud | Hail | Heavy Snow | High Wind | Lake-Effect Snow | Rip Current | Strong Wind | Thunderstorm Wind | Tornado | Winter Storm | Winter Weather
2024,OK,Oklahoma,3504,3504,12,212,366341360,Blizzard | Cold/Wind Chill | Dense Fog | Drought | Excessive Heat | Extreme Cold/Wind Chill | Flash Flood | Flood | Frost/Freeze | Funnel Cloud | Hail | Heat | Heavy Rain | Heavy Snow | High Wind | Ice Storm | Lightning | Strong Wind | Thunderstorm Wind | Tornado | Wildfire | Winter Storm | Winter Weather
2024,OR,Oregon,431,431,32,17,52282900,Blizzard | Dust Devil | Excessive Heat | Flood | Frost/Freeze | Funnel Cloud | Hail | Heat | Heavy Rain | Heavy Snow | High Surf | High Wind | Ice Storm | Sneakerwave | Strong Wind | Thunderstorm Wind | Tornado | Wildfire | Winter Storm | Winter Weather
2024,PA,Pennsylvania,1981,1981,4,30,59099150,Coastal Flood | Cold/Wind Chill | Dense Fog | Drought | Excessive Heat | Flash Flood | Flood | Funnel Cloud | Hail | Heavy Snow | High Wind | Lake-Effect Snow | Lightning | Strong Wind | Thunderstorm Wind | Tornado | Wildfire | Winter Storm | Winter Weather
2024,RI,Rhode Island,57,57,0,0,55800,Coastal Flood | Flash Flood | Flood | Hail | Heavy Snow | High Wind | Strong Wind | Thunderstorm Wind | Tornado
2024,SC,South Carolina,1127,1127,44,17,473254750,Coastal Flood | Cold/Wind Chill | Dense Fog | Excessive Heat | Flash Flood | Flood | Funnel Cloud | Hail | Heavy Rain | High Wind | Lightning | Rip Current | Strong Wind | Thunderstorm Wind | Tornado | Tropical Storm
2024,SD,South Dakota,1936,1936,6,4,101901000,Blizzard | Cold/Wind Chill | Dense Fog | Drought | Excessive Heat | Extreme Cold/Wind Chill | Flash Flood | Flood | Funnel Cloud | Hail | Heat | Heavy Snow | High Wind | Strong Wind | Thunderstorm Wind | Tornado | Wildfire | Winter Storm | Winter Weather
2024,TN,Tennessee,1677,1677,52,24,199859900,Astronomical Low Tide | Cold/Wind Chill | Debris Flow | Drought | Excessive Heat | Extreme Cold/Wind Chill | Flash Flood | Flood | Frost/Freeze | Funnel Cloud | Hail | Heat | Heavy Snow | High Wind | Lightning | Strong Wind | Thunderstorm Wind | Tornado | Winter Storm | Winter Weather
2024,TX,Texas,5678,5678,45,286,559046250,Astronomical Low Tide | Blizzard | Coastal Flood | Cold/Wind Chill | Dense Fog | Drought | Dust Storm | Excessive Heat | Extreme Cold/Wind Chill | Flash Flood | Flood | Frost/Freeze | Funnel Cloud | Hail | Heat | Heavy Rain | Heavy Snow | High Wind | Ice Storm | Lightning | Rip Current | Storm Surge/Tide | Strong Wind | Thunderstorm Wind | Tornado | Tropical Storm | Wildfire | Winter Storm | Winter Weather
2024,UT,Utah,524,524,16,19,26317500,Avalanche | Debris Flow | Dense Fog | Dust Storm | Excessive Heat | Flash Flood | Flood | Frost/Freeze | Funnel Cloud | Hail | Heavy Snow | High Wind | Lightning | Strong Wind | Thunderstorm Wind | Tornado | Wildfire | Winter Storm | Winter Weather
2024,VA,Virginia,1812,1812,7,16,405855260,Avalanche | Coastal Flood | Cold/Wind Chill | Debris Flow | Drought | Excessive Heat | Flash Flood | Flood | Funnel Cloud | Hail | Heavy Rain | Heavy Snow | High Wind | Lightning | Strong Wind | Thunderstorm Wind | Tornado | Wildfire | Winter Storm | Winter Weather
2024,VT,Vermont,350,350,3,0,26561000,Drought | Flash Flood | Hail | Heat | Heavy Snow | High Wind | Lightning | Strong Wind | Thunderstorm Wind | Winter Storm | Winter Weather
2024,WA,Washington,360,360,16,9,548978400,Avalanche | Blizzard | Coastal Flood | Cold/Wind Chill | Debris Flow | Dust Storm | Excessive Heat | Flash Flood | Flood | Freezing Fog | Frost/Freeze | Funnel Cloud | Hail | Heat | Heavy Rain | Heavy Snow | High Wind | Ice Storm | Lightning | Strong Wind | Thunderstorm Wind | Tornado | Wildfire | Winter Storm | Winter Weather
2024,WI,Wisconsin,1280,1280,10,13,48051000,Cold/Wind Chill | Debris Flow | Dense Fog | Drought | Excessive Heat | Extreme Cold/Wind Chill | Flash Flood | Flood | Funnel Cloud | Hail | Heat | Heavy Rain | Heavy Snow | High Wind | Ice Storm | Lightning | Rip Current | Thunderstorm Wind | Tornado | Winter Storm | Winter Weather
2024,WV,West Virginia,1575,1575,3,7,19484450,Blizzard | Cold/Wind Chill | Drought | Excessive Heat | Flash Flood | Flood | Hail | Heavy Rain | Heavy Snow | High Wind | Ice Storm | Lightning | Strong Wind | Thunderstorm Wind | Tornado | Wildfire | Winter Storm | Winter Weather
2024,WY,Wyoming,803,803,2,2,26141000,Avalanche | Blizzard | Dense Fog | Extreme Cold/Wind Chill | Flash Flood | Funnel Cloud | Hail | Heat | Heavy Snow | High Wind | Thunderstorm Wind | Tornado | Wildfire | Winter Storm | Winter Weather
2025,AL,Alabama,2302,2302,14,40,21827700,Cold/Wind Chill | Drought | Excessive Heat | Extreme Cold/Wind Chill | Flash Flood | Flood | Frost/Freeze | Funnel Cloud | Hail | Heat | Heavy Rain | Heavy Snow | Lightning | Rip Current | Strong Wind | Thunderstorm Wind | Tornado | Winter Storm | Winter Weather
2025,AR,Arkansas,1369,1369,1,22,16630200,Drought | Excessive Heat | Flash Flood | Flood | Funnel Cloud | Hail | Heat | Heavy Rain | High Wind | Ice Storm | Lightning | Strong Wind | Thunderstorm Wind | Tornado | Winter Storm | Winter Weather
2025,AZ,Arizona,896,896,165,50,37614400,Cold/Wind Chill | Debris Flow | Drought | Dust Storm | Excessive Heat | Flash Flood | Flood | Funnel Cloud | Hail | Heat | Heavy Rain | Heavy Snow | High Wind | Lightning | Strong Wind | Thunderstorm Wind | Tornado | Wildfire | Winter Storm | Winter Weather
2025,CA,California,1689,1689,97,51,69861150,Astronomical Low Tide | Avalanche | Coastal Flood | Cold/Wind Chill | Debris Flow | Dense Fog | Drought | Dust Storm | Excessive Heat | Flash Flood | Flood | Frost/Freeze | Funnel Cloud | Hail | Heat | Heavy Rain | Heavy Snow | High Surf | High Wind | Sneakerwave | Strong Wind | Thunderstorm Wind | Tornado | Tsunami | Wildfire | Winter Storm | Winter Weather
2025,CO,Colorado,1836,1836,3,3,182508500,Avalanche | Blizzard | Cold/Wind Chill | Debris Flow | Dense Fog | Drought | Dust Storm | Excessive Heat | Extreme Cold/Wind Chill | Flash Flood | Flood | Frost/Freeze | Hail | Heavy Rain | Heavy Snow | High Wind | Strong Wind | Thunderstorm Wind | Tornado | Wildfire | Winter Storm | Winter Weather
2025,CT,Connecticut,207,207,0,4,222450,Cold/Wind Chill | Drought | Excessive Heat | Flash Flood | Flood | Hail | Heat | Heavy Snow | High Wind | Ice Storm | Lightning | Strong Wind | Thunderstorm Wind | Winter Storm | Winter Weather
2025,DC,District of Columbia,34,34,0,0,1728000,Coastal Flood | Cold/Wind Chill | Excessive Heat | Flash Flood | High Wind | Thunderstorm Wind | Winter Storm | Winter Weather
2025,DE,Delaware,106,106,1,2,123000,Coastal Flood | Dense Fog | Excessive Heat | Flash Flood | Hail | High Wind | Lightning | Thunderstorm Wind | Tornado | Winter Storm | Winter Weather
2025,FL,Florida,948,948,18,36,29761800,Coastal Flood | Drought | Extreme Cold/Wind Chill | Flash Flood | Flood | Funnel Cloud | Hail | Heavy Rain | Heavy Snow | Ice Storm | Lightning | Rip Current | Strong Wind | Thunderstorm Wind | Tornado | Wildfire | Winter Storm
2025,GA,Georgia,1697,1697,3,5,3878750,Coastal Flood | Cold/Wind Chill | Drought | Extreme Cold/Wind Chill | Flash Flood | Flood | Funnel Cloud | Hail | Heavy Rain | Heavy Snow | Lightning | Rip Current | Strong Wind | Thunderstorm Wind | Tornado | Wildfire | Winter Storm | Winter Weather
2025,IA,Iowa,1642,1642,2,9,1840300,Blizzard | Cold/Wind Chill | Dense Fog | Drought | Excessive Heat | Extreme Cold/Wind Chill | Flash Flood | Flood | Funnel Cloud | Hail | Heat | Heavy Rain | High Wind | Lightning | Strong Wind | Thunderstorm Wind | Tornado | Winter Storm | Winter Weather
2025,ID,Idaho,512,512,3,5,51622000,Avalanche | Debris Flow | Dust Storm | Extreme Cold/Wind Chill | Flash Flood | Flood | Frost/Freeze | Funnel Cloud | Hail | Heavy Snow | High Wind | Lightning | Strong Wind | Thunderstorm Wind | Tornado | Wildfire | Winter Storm | Winter Weather
2025,IL,Illinois,2702,2702,11,33,532545600,Cold/Wind Chill | Dense Fog | Drought | Dust Storm | Excessive Heat | Extreme Cold/Wind Chill | Flash Flood | Flood | Freezing Fog | Frost/Freeze | Funnel Cloud | Hail | Heat | Heavy Rain | Heavy Snow | High Surf | High Wind | Ice Storm | Lightning | Strong Wind | Thunderstorm Wind | Tornado | Wildfire | Winter Storm | Winter Weather
2025,IN,Indiana,1589,1589,6,29,34834950,Cold/Wind Chill | Dense Fog | Drought | Dust Storm | Excessive Heat | Extreme Cold/Wind Chill | Flash Flood | Flood | Freezing Fog | Frost/Freeze | Funnel Cloud | Hail | Heat | Heavy Rain | Heavy Snow | High Surf | High Wind | Lightning | Rip Current | Strong Wind | Thunderstorm Wind | Tornado | Winter Storm | Winter Weather
2025,KS,Kansas,2097,2097,13,57,19660300,Blizzard | Cold/Wind Chill | Dense Fog | Drought | Dust Storm | Extreme Cold/Wind Chill | Flash Flood | Flood | Funnel Cloud | Hail | Heavy Rain | Heavy Snow | High Wind | Ice Storm | Lightning | Strong Wind | Thunderstorm Wind | Tornado | Wildfire | Winter Storm | Winter Weather
2025,KY,Kentucky,2099,2099,36,28,32940550,Cold/Wind Chill | Debris Flow | Dense Fog | Drought | Dust Devil | Excessive Heat | Extreme Cold/Wind Chill | Flash Flood | Flood | Frost/Freeze | Funnel Cloud | Hail | Heat | Heavy Rain | Heavy Snow | High Wind | Ice Storm | Lightning | Strong Wind | Thunderstorm Wind | Tornado | Winter Storm | Winter Weather
2025,LA,Louisiana,1188,1188,12,4,8425900,Astronomical Low Tide | Blizzard | Cold/Wind Chill | Dense Fog | Drought | Excessive Heat | Extreme Cold/Wind Chill | Flash Flood | Funnel Cloud | Hail | Heat | Heavy Snow | High Wind | Lightning | Strong Wind | Thunderstorm Wind | Tornado | Winter Storm | Winter Weather
2025,MA,Massachusetts,335,335,0,3,505300,Coastal Flood | Cold/Wind Chill | Excessive Heat | Flash Flood | Hail | Heat | Heavy Rain | Heavy Snow | High Wind | Lightning | Strong Wind | Thunderstorm Wind | Tornado | Winter Storm | Winter Weather
2025,MD,Maryland,946,946,2,5,9581350,Astronomical Low Tide | Blizzard | Coastal Flood | Cold/Wind Chill | Dense Fog | Excessive Heat | Extreme Cold/Wind Chill | Flash Flood | Flood | Funnel Cloud | Hail | Heavy Snow | High Wind | Ice Storm | Lightning | Rip Current | Strong Wind | Thunderstorm Wind | Tornado | Tropical Storm | Winter Storm | Winter Weather
2025,ME,Maine,491,491,1,1,86000,Drought | Excessive Heat | Flash Flood | Flood | Funnel Cloud | Hail | Heat | Heavy Snow | High Surf | High Wind | Sleet | Thunderstorm Wind | Winter Storm | Winter Weather
2025,MI,Michigan,816,816,2,15,17909000,Blizzard | Cold/Wind Chill | Extreme Cold/Wind Chill | Flash Flood | Flood | Hail | Heat | Heavy Snow | High Wind | Ice Storm | Lake-Effect Snow | Lakeshore Flood | Lightning | Rip Current | Seiche | Strong Wind | Thunderstorm Wind | Tornado | Winter Storm | Winter Weather
2025,MN,Minnesota,1833,1833,2,12,40875000,Blizzard | Cold/Wind Chill | Drought | Excessive Heat | Extreme Cold/Wind Chill | Flash Flood | Flood | Funnel Cloud | Hail | Heat | Heavy Rain | Heavy Snow | High Surf | High Wind | Ice Storm | Lightning | Strong Wind | Thunderstorm Wind | Tornado | Wildfire | Winter Storm | Winter Weather
2025,MO,Missouri,2757,2757,23,260,1765737000,Blizzard | Cold/Wind Chill | Dense Fog | Drought | Excessive Heat | Extreme Cold/Wind Chill | Flash Flood | Flood | Frost/Freeze | Funnel Cloud | Hail | Heat | Heavy Rain | Heavy Snow | High Wind | Ice Storm | Lightning | Strong Wind | Thunderstorm Wind | Tornado | Wildfire | Winter Storm | Winter Weather
2025,MS,Mississippi,1671,1671,15,45,45493600,Drought | Excessive Heat | Extreme Cold/Wind Chill | Flash Flood | Flood | Funnel Cloud | Hail | Heat | Heavy Snow | High Wind | Lightning | Sleet | Strong Wind | Thunderstorm Wind | Tornado | Wildfire | Winter Storm | Winter Weather
2025,MT,Montana,1432,1432,19,17,37664000,Avalanche | Blizzard | Cold/Wind Chill | Debris Flow | Dense Fog | Drought | Extreme Cold/Wind Chill | Flash Flood | Flood | Frost/Freeze | Funnel Cloud | Hail | Heavy Rain | Heavy Snow | High Wind | Ice Storm | Strong Wind | Thunderstorm Wind | Wildfire | Winter Storm | Winter Weather
2025,NC,North Carolina,1679,1679,13,12,47044250,Astronomical Low Tide | Coastal Flood | Cold/Wind Chill | Drought | Excessive Heat | Extreme Cold/Wind Chill | Flash Flood | Flood | Frost/Freeze | Funnel Cloud | Hail | Heavy Rain | Heavy Snow | High Wind | Lightning | Rip Current | Storm Surge/Tide | Strong Wind | Thunderstorm Wind | Tornado | Tropical Storm | Winter Storm | Winter Weather
2025,ND,North Dakota,1070,1070,4,3,32931000,Blizzard | Cold/Wind Chill | Drought | Extreme Cold/Wind Chill | Flash Flood | Funnel Cloud | Hail | Heavy Snow | High Wind | Thunderstorm Wind | Tornado | Winter Storm
2025,NE,Nebraska,1828,1828,6,10,109680810,Blizzard | Cold/Wind Chill | Dense Fog | Drought | Dust Storm | Excessive Heat | Extreme Cold/Wind Chill | Flash Flood | Flood | Funnel Cloud | Hail | Heat | Heavy Rain | Heavy Snow | High Wind | Thunderstorm Wind | Tornado | Wildfire | Winter Storm | Winter Weather
2025,NH,New Hampshire,198,198,1,3,67100,Drought | Flash Flood | Flood | Hail | Lightning | Rip Current | Thunderstorm Wind | Winter Storm | Winter Weather
2025,NJ,New Jersey,660,660,9,189,821500,Coastal Flood | Dense Fog | Excessive Heat | Flash Flood | Flood | Hail | Heavy Snow | High Wind | Lightning | Rip Current | Strong Wind | Thunderstorm Wind | Tornado | Wildfire | Winter Storm | Winter Weather
2025,NM,New Mexico,1344,1344,12,20,62082650,Debris Flow | Drought | Dust Storm | Extreme Cold/Wind Chill | Flash Flood | Flood | Funnel Cloud | Hail | Heavy Rain | Heavy Snow | High Wind | Strong Wind | Thunderstorm Wind | Tornado | Wildfire | Winter Storm | Winter Weather
2025,NV,Nevada,447,447,96,2,3106100,Avalanche | Debris Flow | Dust Storm | Excessive Heat | Flash Flood | Flood | Hail | Heat | Heavy Rain | Heavy Snow | High Wind | Lightning | Strong Wind | Thunderstorm Wind | Wildfire | Winter Weather
2025,NY,New York,2093,2093,11,20,32811050,Astronomical Low Tide | Blizzard | Cold/Wind Chill | Drought | Excessive Heat | Flash Flood | Flood | Funnel Cloud | Hail | Heat | Heavy Rain | Heavy Snow | High Wind | Ice Storm | Lake-Effect Snow | Lightning | Rip Current | Strong Wind | Thunderstorm Wind | Tornado | Winter Storm | Winter Weather
2025,OH,Ohio,1616,1616,2,3,7280800,Cold/Wind Chill | Drought | Extreme Cold/Wind Chill | Flash Flood | Flood | Hail | Heavy Rain | Heavy Snow | Ice Storm | Lake-Effect Snow | Lightning | Strong Wind | Thunderstorm Wind | Tornado | Winter Storm | Winter Weather
2025,OK,Oklahoma,2892,2892,17,48,87631100,Cold/Wind Chill | Drought | Dust Storm | Excessive Heat | Extreme Cold/Wind Chill | Flash Flood | Flood | Funnel Cloud | Hail | Heat | Heavy Snow | High Wind | Lightning | Thunderstorm Wind | Tornado | Wildfire | Winter Storm | Winter Weather
2025,OR,Oregon,213,213,6,8,1325000,Cold/Wind Chill | Debris Flow | Excessive Heat | Extreme Cold/Wind Chill | Flood | Frost/Freeze | Funnel Cloud | Hail | Heavy Snow | High Surf | High Wind | Ice Storm | Sneakerwave | Strong Wind | Thunderstorm Wind | Tornado | Wildfire | Winter Storm
2025,PA,Pennsylvania,2249,2249,13,36,13100700,Blizzard | Cold/Wind Chill | Dense Fog | Drought | Dust Devil | Excessive Heat | Extreme Cold/Wind Chill | Flash Flood | Flood | Funnel Cloud | Hail | Heat | Heavy Snow | High Wind | Ice Storm | Lake-Effect Snow | Lightning | Strong Wind | Thunderstorm Wind | Tornado | Wildfire | Winter Storm | Winter Weather
2025,RI,Rhode Island,25,25,1,4,61700,Excessive Heat | Flash Flood | Hail | High Wind | Lightning | Strong Wind | Thunderstorm Wind
2025,SC,South Carolina,889,889,5,58,1176000,Coastal Flood | Cold/Wind Chill | Excessive Heat | Flash Flood | Flood | Freezing Fog | Hail | Heavy Rain | Heavy Snow | Lightning | Rip Current | Strong Wind | Thunderstorm Wind | Tornado | Wildfire | Winter Storm | Winter Weather
2025,SD,South Dakota,2400,2400,3,13,1227000,Blizzard | Cold/Wind Chill | Drought | Dust Storm | Excessive Heat | Extreme Cold/Wind Chill | Flash Flood | Flood | Funnel Cloud | Hail | Heat | Heavy Rain | Heavy Snow | High Wind | Ice Storm | Lightning | Strong Wind | Thunderstorm Wind | Tornado | Wildfire | Winter Storm | Winter Weather
2025,TN,Tennessee,2343,2343,17,34,53780000,Cold/Wind Chill | Drought | Excessive Heat | Extreme Cold/Wind Chill | Flash Flood | Flood | Frost/Freeze | Funnel Cloud | Hail | Heat | Heavy Rain | Heavy Snow | High Wind | Lightning | Strong Wind | Thunderstorm Wind | Tornado | Winter Storm | Winter Weather
2025,TX,Texas,5641,5641,157,74,490742150,Astronomical Low Tide | Blizzard | Coastal Flood | Cold/Wind Chill | Dense Fog | Drought | Dust Storm | Excessive Heat | Extreme Cold/Wind Chill | Flash Flood | Flood | Frost/Freeze | Funnel Cloud | Hail | Heat | Heavy Rain | Heavy Snow | High Wind | Ice Storm | Lightning | Rip Current | Sleet | Strong Wind | Thunderstorm Wind | Tornado | Wildfire | Winter Storm | Winter Weather
2025,UT,Utah,394,394,7,8,48413000,Avalanche | Debris Flow | Dense Fog | Drought | Dust Storm | Extreme Cold/Wind Chill | Flash Flood | Flood | Frost/Freeze | Hail | Heavy Rain | Heavy Snow | High Wind | Strong Wind | Thunderstorm Wind | Tornado | Wildfire | Winter Storm | Winter Weather
2025,VA,Virginia,2632,2632,7,6,24924700,Astronomical Low Tide | Avalanche | Coastal Flood | Cold/Wind Chill | Debris Flow | Excessive Heat | Extreme Cold/Wind Chill | Flash Flood | Flood | Funnel Cloud | Hail | Heat | Heavy Rain | Heavy Snow | High Wind | Ice Storm | Lightning | Rip Current | Strong Wind | Thunderstorm Wind | Tornado | Tropical Storm | Winter Storm | Winter Weather
2025,VT,Vermont,378,378,0,0,2440500,Cold/Wind Chill | Drought | Excessive Heat | Extreme Cold/Wind Chill | Flash Flood | Flood | Hail | Heat | High Wind | Ice Storm | Strong Wind | Thunderstorm Wind | Winter Storm | Winter Weather
2025,WA,Washington,196,196,1,6,544577900,Avalanche | Coastal Flood | Dust Storm | Flood | Frost/Freeze | Funnel Cloud | Heat | Heavy Rain | Heavy Snow | High Wind | Strong Wind | Thunderstorm Wind | Wildfire | Winter Storm | Winter Weather
2025,WI,Wisconsin,1476,1476,9,8,183683500,Blizzard | Cold/Wind Chill | Dense Fog | Drought | Excessive Heat | Extreme Cold/Wind Chill | Flash Flood | Flood | Hail | Heat | Heavy Rain | Heavy Snow | High Wind | Ice Storm | Lake-Effect Snow | Lightning | Rip Current | Strong Wind | Thunderstorm Wind | Tornado | Wildfire | Winter Storm | Winter Weather
2025,WV,West Virginia,2187,2187,13,2,23490300,Blizzard | Cold/Wind Chill | Debris Flow | Drought | Excessive Heat | Extreme Cold/Wind Chill | Flash Flood | Flood | Funnel Cloud | Hail | Heavy Rain | Heavy Snow | High Wind | Ice Storm | Lightning | Strong Wind | Thunderstorm Wind | Winter Storm | Winter Weather
2025,WY,Wyoming,963,963,2,1,1729000,Avalanche | Cold/Wind Chill | Debris Flow | Dense Fog | Extreme Cold/Wind Chill | Flash Flood | Funnel Cloud | Hail | Heat | Heavy Snow | High Wind | Thunderstorm Wind | Tornado | Wildfire | Winter Storm | Winter Weather
