year,state,county_count,mean_frequency_pct,p90_frequency_pct,counties_ge_25_pct,drought_weeks,drought_level,minimum_weeks
2020,AL,67,1.436,7.547,0,51,D1,4
2020,AR,75,3.371,11.321,0,134,D1,4
2020,AZ,15,56.352,100,100,448,D1,4
2020,CA,58,71.535,88.679,89.655,2199,D1,4
2020,CO,64,79.57,100,100,2699,D1,4
2020,CT,9,26.625,43.396,55.556,127,D1,4
2020,DC,1,0,0,0,0,D1,4
2020,DE,3,0,0,0,0,D1,4
2020,FL,67,14.052,24.906,10.448,499,D1,4
2020,GA,159,0.095,0,0,8,D1,4
2020,IA,99,23.232,49.057,46.465,1219,D1,4
2020,ID,44,35.163,86.792,50,820,D1,4
2020,IL,102,7.381,24.34,9.804,399,D1,4
2020,IN,92,12.223,33.962,19.565,596,D1,4
2020,KS,105,35.148,78.491,49.524,1956,D1,4
2020,KY,120,0,0,0,0,D1,4
2020,LA,64,5.425,18.868,0,184,D1,4
2020,MA,14,38.41,44.717,100,285,D1,4
2020,MD,24,0.786,0,0,10,D1,4
2020,ME,16,45.873,50.943,100,389,D1,4
2020,MI,83,1.637,0,2.41,72,D1,4
2020,MN,87,14.943,52.453,22.989,689,D1,4
2020,MO,115,7.449,26.415,11.304,454,D1,4
2020,MS,82,3.451,16.981,0,150,D1,4
2020,MT,56,29.515,56.604,57.143,876,D1,4
2020,NC,100,0,0,0,0,D1,4
2020,ND,53,34.532,54.34,64.151,970,D1,4
2020,NE,93,39.257,49.057,92.473,1935,D1,4
2020,NH,10,48.302,52.83,100,256,D1,4
2020,NJ,21,0,0,0,0,D1,4
2020,NM,33,74.385,100,100,1301,D1,4
2020,NV,17,76.36,84.906,100,688,D1,4
2020,NY,62,19.385,39.245,35.484,637,D1,4
2020,OH,88,6.904,26.415,11.364,322,D1,4
2020,OK,77,26.268,70.566,33.766,1072,D1,4
2020,OR,36,82.6,100,94.444,1576,D1,4
2020,PA,67,20.276,36.604,35.821,720,D1,4
2020,RI,5,34.34,35.849,100,91,D1,4
2020,SC,46,0,0,0,0,D1,4
2020,SD,66,29.331,50.943,59.091,1026,D1,4
2020,TN,95,1.43,9.434,0,72,D1,4
2020,TX,254,46.769,64.151,83.071,6296,D1,4
2020,UT,29,85.036,100,100,1307,D1,4
2020,VA,133,0.071,0,0,5,D1,4
2020,VT,14,36.253,52.264,92.857,269,D1,4
2020,WA,39,35.994,100,43.59,744,D1,4
2020,WI,72,0.577,0,0,22,D1,4
2020,WV,55,2.642,15.849,0,77,D1,4
2020,WY,23,52.912,56.604,95.652,645,D1,4
2021,AL,67,2.788,15.094,0,99,D1,4
2021,AR,75,8.503,20.755,5.333,338,D1,4
2021,AZ,15,99.748,100,100,793,D1,4
2021,CA,58,99.577,100,100,3061,D1,4
2021,CO,64,80.366,100,100,2726,D1,4
2021,CT,9,0,0,0,0,D1,4
2021,DC,1,0,0,0,0,D1,4
2021,DE,3,0,0,0,0,D1,4
2021,FL,67,1.662,3.774,0,59,D1,4
2021,GA,159,0,0,0,0,D1,4
2021,IA,99,47.932,83.019,75.758,2515,D1,4
2021,ID,44,82.59,100,100,1926,D1,4
2021,IL,102,12.542,56.038,14.706,678,D1,4
2021,IN,92,5.414,26.226,10.87,264,D1,4
2021,KS,105,25.732,64.151,45.714,1432,D1,4
2021,KY,120,0,0,0,0,D1,4
2021,LA,64,11.085,20.755,7.813,376,D1,4
2021,MA,14,3.639,12.83,7.143,27,D1,4
2021,MD,24,0.472,0,0,6,D1,4
2021,ME,16,23.231,56.604,37.5,197,D1,4
2021,MI,83,26.256,35.849,45.783,1155,D1,4
2021,MN,87,60.269,86.415,100,2779,D1,4
2021,MO,115,1.903,7.547,0,116,D1,4
2021,MS,82,5.108,16.604,1.22,222,D1,4
2021,MT,56,86.59,100,100,2570,D1,4
2021,NC,100,15.736,26.415,12,834,D1,4
2021,ND,53,94.802,100,100,2663,D1,4
2021,NE,93,52.181,84.906,72.043,2572,D1,4
2021,NH,10,35.283,61.887,60,187,D1,4
2021,NJ,21,0,0,0,0,D1,4
2021,NM,33,98.17,100,100,1717,D1,4
2021,NV,17,100,100,100,901,D1,4
2021,NY,62,6.239,11.321,6.452,205,D1,4
2021,OH,88,3.581,15.094,0,167,D1,4
2021,OK,77,38.937,67.17,81.818,1589,D1,4
2021,OR,36,89.78,100,100,1713,D1,4
2021,PA,67,1.352,11.321,0,48,D1,4
2021,RI,5,0,0,0,0,D1,4
2021,SC,46,12.305,28.302,21.739,300,D1,4
2021,SD,66,87.05,100,100,3045,D1,4
2021,TN,95,1.807,11.321,0,91,D1,4
2021,TX,254,43.627,71.698,83.071,5873,D1,4
2021,UT,29,100,100,100,1537,D1,4
2021,VA,133,7.618,18.868,0.752,537,D1,4
2021,VT,14,55.93,80.755,92.857,415,D1,4
2021,WA,39,60.377,100,76.923,1248,D1,4
2021,WI,72,34.617,67.925,54.167,1321,D1,4
2021,WV,55,1.647,8.679,0,48,D1,4
2021,WY,23,97.949,100,100,1194,D1,4
2022,AL,67,18.755,30.943,23.881,666,D1,4
2022,AR,75,53.987,73.585,100,2146,D1,4
2022,AZ,15,88.302,100,100,702,D1,4
2022,CA,58,100,100,100,3074,D1,4
2022,CO,64,82.459,100,100,2797,D1,4
2022,CT,9,33.333,41.132,66.667,159,D1,4
2022,DC,1,0,0,0,0,D1,4
2022,DE,3,9.434,16.981,0,15,D1,4
2022,FL,67,19.431,28.302,32.836,690,D1,4
2022,GA,159,25.834,45.283,38.365,2177,D1,4
2022,IA,99,49.228,80,89.899,2583,D1,4
2022,ID,44,85.635,100,97.727,1997,D1,4
2022,IL,102,22.401,37.736,40.196,1211,D1,4
2022,IN,92,19.442,24.528,8.696,948,D1,4
2022,KS,105,75.939,100,99.048,4226,D1,4
2022,KY,120,21.211,30.377,26.667,1349,D1,4
2022,LA,64,64.593,76.792,100,2191,D1,4
2022,MA,14,40.027,55.66,85.714,297,D1,4
2022,MD,24,3.931,11.321,0,50,D1,4
2022,ME,16,33.137,54.717,75,281,D1,4
2022,MI,83,13.594,30.189,22.892,598,D1,4
2022,MN,87,39.493,66.792,78.161,1821,D1,4
2022,MO,115,30.747,47.17,73.913,1874,D1,4
2022,MS,82,38.771,64.151,74.39,1685,D1,4
2022,MT,56,79.313,100,94.643,2354,D1,4
2022,NC,100,26.585,56.981,44,1409,D1,4
2022,ND,53,45.71,69.434,96.226,1284,D1,4
2022,NE,93,89.491,100,100,4411,D1,4
2022,NH,10,31.887,49.811,60,169,D1,4
2022,NJ,21,25.966,39.623,33.333,289,D1,4
2022,NM,33,96.97,100,100,1696,D1,4
2022,NV,17,100,100,100,901,D1,4
2022,NY,62,11.412,37.736,11.29,375,D1,4
2022,OH,88,8.919,20.755,0,416,D1,4
2022,OK,77,86.4,100,100,3526,D1,4
2022,OR,36,67.977,100,77.778,1297,D1,4
2022,PA,67,3.83,13.208,0,136,D1,4
2022,RI,5,38.491,39.623,100,102,D1,4
2022,SC,46,31.337,52.83,52.174,764,D1,4
2022,SD,66,68.897,100,95.455,2410,D1,4
2022,TN,95,21.41,35.094,38.947,1078,D1,4
2022,TX,254,87.691,100,98.819,11805,D1,4
2022,UT,29,100,100,100,1537,D1,4
2022,VA,133,4.469,16.981,3.759,315,D1,4
2022,VT,14,13.747,20.755,7.143,102,D1,4
2022,WA,39,48.234,100,53.846,997,D1,4
2022,WI,72,34.277,50.943,75,1308,D1,4
2022,WV,55,0.961,0,0,28,D1,4
2022,WY,23,91.797,100,100,1119,D1,4
2023,AL,67,28.781,38.491,61.194,1022,D1,4
2023,AR,75,19.069,32.075,36,758,D1,4
2023,AZ,15,55.472,69.057,100,441,D1,4
2023,CA,58,24.268,35.849,17.241,746,D1,4
2023,CO,64,32.871,49.811,67.188,1115,D1,4
2023,CT,9,0,0,0,0,D1,4
2023,DC,1,24.528,24.528,0,13,D1,4
2023,DE,3,9.434,12.075,0,15,D1,4
2023,FL,67,38.384,72.453,71.642,1363,D1,4
2023,GA,159,14.228,26.415,11.95,1199,D1,4
2023,IA,99,75.929,100,100,3984,D1,4
2023,ID,44,42.324,88.868,40.909,987,D1,4
2023,IL,102,33.592,52.642,71.569,1816,D1,4
2023,IN,92,31.973,43.396,80.435,1559,D1,4
2023,KS,105,85.157,100,100,4739,D1,4
2023,KY,120,19.969,32.075,26.667,1270,D1,4
2023,LA,64,51.356,84.34,100,1742,D1,4
2023,MA,14,0,0,0,0,D1,4
2023,MD,24,32.469,53.774,62.5,413,D1,4
2023,ME,16,0,0,0,0,D1,4
2023,MI,83,23.028,41.509,48.193,1013,D1,4
2023,MN,87,60.92,75.472,100,2809,D1,4
2023,MO,115,55.357,80.377,88.696,3374,D1,4
2023,MS,82,33.686,39.623,86.585,1464,D1,4
2023,MT,56,52.46,100,76.786,1557,D1,4
2023,NC,100,20.17,30.377,13,1069,D1,4
2023,ND,53,46.422,79.245,75.472,1304,D1,4
2023,NE,93,85.109,100,100,4195,D1,4
2023,NH,10,0,0,0,0,D1,4
2023,NJ,21,6.11,11.321,0,68,D1,4
2023,NM,33,79.302,100,100,1387,D1,4
2023,NV,17,39.734,78.491,76.471,358,D1,4
2023,NY,62,8.673,38.302,14.516,285,D1,4
2023,OH,88,16.102,28.868,19.318,751,D1,4
2023,OK,77,62.166,100,87.013,2537,D1,4
2023,OR,36,74.109,100,100,1414,D1,4
2023,PA,67,12.898,25.283,10.448,458,D1,4
2023,RI,5,0,0,0,0,D1,4
2023,SC,46,16.653,27.358,17.391,406,D1,4
2023,SD,66,52.544,79.245,90.909,1838,D1,4
2023,TN,95,24.369,30.189,40,1227,D1,4
2023,TX,254,69.566,100,94.094,9365,D1,4
2023,UT,29,48.992,71.698,100,753,D1,4
2023,VA,133,24.457,45.283,38.346,1724,D1,4
2023,VT,14,3.369,9.434,0,25,D1,4
2023,WA,39,49.927,72.075,89.744,1032,D1,4
2023,WI,72,46.095,56.604,95.833,1759,D1,4
2023,WV,55,13.036,38.868,21.818,380,D1,4
2023,WY,23,36.751,60.377,69.565,448,D1,4
2024,AL,67,45.48,63.019,95.522,1615,D1,4
2024,AR,75,32.126,43.396,78.667,1277,D1,4
2024,AZ,15,85.157,100,100,688,D1,4
2024,CA,58,4.977,25.66,10.345,153,D1,4
2024,CO,64,34.994,56.038,65.625,1187,D1,4
2024,CT,9,18.029,19.245,0,86,D1,4
2024,DC,1,45.283,45.283,100,24,D1,4
2024,DE,3,35.849,38.868,100,57,D1,4
2024,FL,67,14.869,24.528,7.463,528,D1,4
2024,GA,159,17.135,33.962,27.673,1444,D1,4
2024,IA,99,53.821,68.302,100,2824,D1,4
2024,ID,44,53.345,100,84.091,1253,D1,4
2024,IL,102,25.305,33.962,53.922,1368,D1,4
2024,IN,92,27.03,39.623,55.435,1318,D1,4
2024,KS,105,64.582,86.792,99.048,3600,D1,4
2024,KY,120,17.186,26.415,10.833,1093,D1,4
2024,LA,64,23.732,35.849,39.063,805,D1,4
2024,MA,14,21.833,29.623,21.429,162,D1,4
2024,MD,24,34.119,51.698,79.167,434,D1,4
2024,ME,16,23.113,28.302,50,196,D1,4
2024,MI,83,28.575,52.83,50.602,1257,D1,4
2024,MN,87,41.184,64.151,77.011,1899,D1,4
2024,MO,115,38.95,56.604,79.13,2374,D1,4
2024,MS,82,41.855,75.472,68.293,1819,D1,4
2024,MT,56,72.608,100,89.286,2170,D1,4
2024,NC,100,20.83,28.491,29,1104,D1,4
2024,ND,53,34.283,59.623,58.491,963,D1,4
2024,NE,93,49.016,81.132,78.495,2416,D1,4
2024,NH,10,23.208,32.075,50,123,D1,4
2024,NJ,21,29.919,37.736,85.714,333,D1,4
2024,NM,33,91.252,100,100,1614,D1,4
2024,NV,17,20.977,53.208,41.176,189,D1,4
2024,NY,62,10.925,20.566,6.452,359,D1,4
2024,OH,88,36.664,50.943,81.818,1710,D1,4
2024,OK,77,44.621,62.264,88.312,1821,D1,4
2024,OR,36,35.901,74.528,58.333,685,D1,4
2024,PA,67,23.796,46.038,47.761,845,D1,4
2024,RI,5,15.849,19.245,0,42,D1,4
2024,SC,46,23.421,32.075,36.957,571,D1,4
2024,SD,66,34.22,54.717,51.515,1197,D1,4
2024,TN,95,44.548,67.925,78.947,2243,D1,4
2024,TX,254,41.495,98.868,74.016,5612,D1,4
2024,UT,29,21.861,45.283,34.483,336,D1,4
2024,VA,133,31.281,47.17,58.647,2205,D1,4
2024,VT,14,6.469,21.509,0,48,D1,4
2024,WA,39,45.622,90.566,69.231,945,D1,4
2024,WI,72,40.671,62.264,80.556,1552,D1,4
2024,WV,55,48.611,54.717,100,1417,D1,4
2024,WY,23,68.827,84.528,95.652,839,D1,4
2025,AL,67,39.088,56.226,82.09,1388,D1,4
2025,AR,75,27.597,39.623,61.333,1097,D1,4
2025,AZ,15,100,100,100,795,D1,4
2025,CA,58,27.521,88.679,34.483,846,D1,4
2025,CO,64,57.017,93.774,71.875,1934,D1,4
2025,CT,9,37.945,43.396,100,181,D1,4
2025,DC,1,60.377,60.377,100,32,D1,4
2025,DE,3,47.17,48.679,100,75,D1,4
2025,FL,67,48.634,71.698,98.507,1727,D1,4
2025,GA,159,33.749,50.943,76.101,2844,D1,4
2025,IA,99,31.751,58.868,60.606,1666,D1,4
2025,ID,44,68.353,100,93.182,1594,D1,4
2025,IL,102,43.304,67.925,82.353,2341,D1,4
2025,IN,92,27.851,58.302,54.348,1358,D1,4
2025,KS,105,33.064,66.038,47.619,1840,D1,4
2025,KY,120,6.855,13.396,0,436,D1,4
2025,LA,64,15.301,26.415,12.5,519,D1,4
2025,MA,14,45.957,76.226,64.286,341,D1,4
2025,MD,24,56.289,71.698,100,716,D1,4
2025,ME,16,63.915,77.358,100,542,D1,4
2025,MI,83,47.056,98.868,77.108,2070,D1,4
2025,MN,87,32.704,71.321,56.322,1508,D1,4
2025,MO,115,34.52,54.717,74.783,2104,D1,4
2025,MS,82,23.562,52.453,45.122,1024,D1,4
2025,MT,56,69.407,100,87.5,2060,D1,4
2025,NC,100,43.189,64.151,86,2289,D1,4
2025,ND,53,32.467,60.377,71.698,912,D1,4
2025,NE,93,66.667,100,96.774,3286,D1,4
2025,NH,10,68.491,75.472,100,363,D1,4
2025,NJ,21,60.647,75.472,100,675,D1,4
2025,NM,33,79.76,100,87.879,1395,D1,4
2025,NV,17,69.811,100,82.353,629,D1,4
2025,NY,62,28.028,45.094,58.065,921,D1,4
2025,OH,88,18.997,35.849,30.682,886,D1,4
2025,OK,77,28.522,49.057,45.455,1164,D1,4
2025,OR,36,48.585,58.491,91.667,927,D1,4
2025,PA,67,38.862,66.038,73.134,1380,D1,4
2025,RI,5,20.755,36.604,20,55,D1,4
2025,SC,46,38.884,51.887,84.783,948,D1,4
2025,SD,66,57.033,75.472,100,1995,D1,4
2025,TN,95,24.151,39.623,37.895,1216,D1,4
2025,TX,254,43.76,100,58.661,5891,D1,4
2025,UT,29,90.631,100,100,1393,D1,4
2025,VA,133,31.48,61.887,60.902,2219,D1,4
2025,VT,14,41.914,64.906,78.571,311,D1,4
2025,WA,39,66.376,94.34,100,1372,D1,4
2025,WI,72,32.285,52.83,59.722,1232,D1,4
2025,WV,55,30.703,67.17,50.909,895,D1,4
2025,WY,23,77.358,100,100,943,D1,4
